key_dwell_mean,key_dwell_std,key_dwell_min,key_dwell_max,mouse_speed_mean,mouse_speed_std,mouse_acceleration_mean,mouse_acceleration_std,distance_sum,scroll_intensity_mean,scroll_intensity_std,idle_seconds_mean,idle_seconds_max,event_type_count,label
4.279032258064516,19.25693579609721,0.0,161.0,20269.794476350224,38748.22031370533,3462390.6506127957,29912630.31722908,99453.05294105432,0.8849066546676205,0.4575714965525598,0.0,0.0,1860,1
23.58730158730159,43.816821888925205,0.0,163.0,26214.797346543757,98648.32213642065,5857758.821391223,88980162.20663512,19135.112495323974,0.8622908008690924,0.5020953386416177,0.1515238095238095,3.219,189,1
0.34,4.123100223929823,0.0,55.0,27460.572768376696,49898.582604119314,5259845.4912274815,28212590.814516347,29084.612950504394,0.8736505565911441,0.4735587290236213,0.021553333333333334,3.227,450,1
0.0,0.0,0.0,0.0,31243.094630599116,86501.9573293237,6239998.079187864,78725866.70487444,25436.54358011966,0.8874460254439813,0.4741755530638138,0.02775675675675676,3.076,333,1
0.006711409395973154,0.10978010127422803,0.0,2.0,26917.215856941926,41524.9378398445,4608436.975266293,29447166.180785105,48243.408589303755,0.8519941211261636,0.4310986333003777,0.013252348993288589,3.178,745,1
0.0,0.0,0.0,0.0,23596.707193791877,32545.47898516663,3658306.195269323,23141378.146484118,53766.49146293369,0.8683747709913024,0.44940575470635374,0.010228421052631578,3.239,950,1
3.314524555903866,17.862673224615683,0.0,167.0,23031.23161900312,44007.08419132269,4346290.786627616,31810081.25657567,115211.4108879166,0.9027847211665011,0.4586260471860029,7.836990595611285e-06,0.005,1914,1
0.24955162695362543,4.852222556775253,0.0,142.0,18907.04192525349,27561.8898670288,3455552.698927792,21447767.971930314,174469.18532809883,0.9064518566167864,0.482668368135403,0.0,0.0,3903,1
0.0,0.0,0.0,0.0,17728.39953780399,24372.690797448253,3229822.8795387913,19006604.521619607,174885.04753215442,0.9189523727818604,0.4968080464792182,0.0,0.0,3993,1
0.43484708063021316,11.222840150163487,0.0,449.0,24440.80869106999,36496.71229434788,4075256.3794903895,26918987.773959637,308668.3744734829,0.8745552403388114,0.45316529824545715,0.0,0.0,5395,1
3.459555269094425,106.93459360533338,0.0,4051.0,26992.26872674058,54914.24751482564,4792397.78788931,44339959.474084616,208290.5490984902,0.8910270966695164,0.4531622793057964,0.0,0.0,3103,1
0.0,0.0,0.0,0.0,21449.310422440918,34980.853002429285,3807910.273447639,24083443.99202593,154880.85251697237,0.8751136071148004,0.45220093341530143,0.003057634978469692,3.071,3019,1
0.25461254612546125,4.196012055853035,0.0,85.0,23465.13074179589,42899.39792751282,3912119.4787241663,28179167.549350906,92440.29014939842,0.8743523632754033,0.46278121517711096,0.0059686346863468635,3.232,1626,1
0.0,0.0,0.0,0.0,23559.55076887522,53552.688149597736,3998818.5717011485,47021180.854414545,118504.90969534684,0.8864902401832994,0.4703122269025992,0.0091991341991342,3.228,2079,1
0.0,0.0,0.0,0.0,22589.188944117286,65724.94299427258,3469943.9227668187,66215814.51425059,143244.97829086139,0.8602230912945069,0.45778738355260906,0.00752720677146312,3.151,2481,1
0.0,0.0,0.0,0.0,23063.735885804468,37506.699196594775,3945595.243125315,25660792.527783185,206670.35536222436,0.8727355465550697,0.45897344839146154,0.0023847364280094414,3.03,3813,1
0.0,0.0,0.0,0.0,24335.399218228064,38422.951424873485,4105771.188481285,28308501.307347577,219591.33200715674,0.8815968954435065,0.4551324217251678,0.0,0.0,3903,1
1.8006189213085764,13.583282501904362,0.0,168.0,15646.583951160052,20301.324530364505,3014401.3241895097,15035516.44559303,95289.20157418522,0.8838522426856195,0.4668868156201126,0.0,0.0,2262,1
0.6053175775480059,8.863002233692919,0.0,195.0,27992.206041300822,52344.565652951685,4971340.315747383,37953405.23158742,230782.62532695872,0.8700166312586493,0.4529035829687707,0.0,0.0,3385,1
0.13538640325392215,3.3305714790060446,0.0,108.0,21698.266668120425,32980.14679540746,4218733.03371344,25019804.50336581,97608.8538986072,0.8669171360637268,0.44452932846899584,0.011219058686809995,3.227,1721,1
0.0,0.0,0.0,0.0,20669.41817318395,62685.27713008416,3407973.081738141,56040657.70853433,90994.9220221378,0.8606617713147866,0.4587149573670898,0.011407821229050279,3.035,1611,1
0.0,0.0,0.0,0.0,22177.225812703757,47938.80474776457,3310096.5109130708,31385788.832466505,151626.51287900665,0.8784206345207007,0.451564151492848,0.00687280701754386,3.216,2736,1
0.0,0.0,0.0,0.0,21099.371610468814,43301.85777837792,3797605.6438378794,23307887.479309455,99192.90518676535,0.8793530045525225,0.45514939874659094,0.004739969527679025,3.108,1969,1
0.0,0.0,0.0,0.0,23305.42621086232,66417.94435664876,4256424.542818242,56689152.14905814,101906.06241396561,0.8797867452601354,0.47973511622654963,0.011176718938480096,3.172,1658,1
4.453333333333333,15.586977701718633,0.0,70.0,13088.07709351496,16686.626782332598,2636863.578389963,13000802.731513185,4200.360434935412,0.8550943382863248,0.5013464612882403,0.00068,0.017,75,1
1.738888888888889,14.092660257090069,0.0,176.0,28617.19329208221,54735.75609576838,4067060.0958321295,40550460.13554743,99902.72876896808,0.8620027196512091,0.44384634140612045,0.013145833333333332,3.193,1440,1
0.0,0.0,0.0,0.0,1117.3994042966185,795.6099062637287,12402.197879871665,51744.108070431386,2126.1415685066113,1.0087701510586715,0.9068631319331091,3.2159999999999997,3.216,3,1
0.0,0.0,0.0,0.0,39811.255593823196,94706.37570902031,7729935.285825734,84445857.892295,77284.00449813415,0.8592617309843977,0.45568985953209135,0.023450956937799045,3.248,836,1
7.047904191616767,24.212631343468093,0.0,168.0,18621.492943043955,31603.21406884373,3610923.095913973,21983946.525465243,90669.359377109,0.8627129348415742,0.45543341694195305,0.0,0.0,1837,1
7.326164874551972,25.86017695955467,0.0,168.0,27451.32181906337,91856.43724845228,6861505.088623704,74083530.63715392,71303.33401012103,0.8873398750484085,0.4476402579833143,0.04471326164874553,3.176,837,1
0.0,0.0,0.0,0.0,82251.3497320049,319991.9679066891,27118178.99943818,227660412.2430739,18770.103484317973,0.8490387746589053,0.4393092059457129,0.08735135135135134,3.229,111,1
0.0,0.0,0.0,0.0,27162.862018526575,105397.45863166414,3836263.414429421,49400507.86400613,4662.048746342218,1.0476246195107162,0.4520411174035147,0.2842727272727273,3.066,33,1
0.0,0.0,0.0,0.0,49672.1648612922,130605.06806459691,5925225.974242038,88883392.53645007,26139.36355327998,0.8557246891849325,0.4665143586469009,0.04354794520547945,3.173,219,1
0.0,0.0,0.0,0.0,23555.44704627729,55328.7905136574,4261294.612668115,42195935.419455364,116339.15387175282,0.8717141224417557,0.468170128188526,0.00909143686502177,3.107,2067,1
0.0,0.0,0.0,0.0,21814.67973066738,43281.2651323904,4226136.62263996,31264634.453729652,100342.42142596439,0.8661204121092188,0.45142393458655533,0.009579908675799087,3.22,1971,1
0.0,0.0,0.0,0.0,29942.913430749162,92297.94419408405,3069123.988537181,62357588.14293255,117039.15214405971,0.8701051333089868,0.4602259950713464,0.012217307692307692,3.196,1560,1
0.0,0.0,0.0,0.0,25646.763872859137,44160.050362142174,4492246.142290162,34437092.1666253,115912.22930426712,0.8801166724561841,0.4598585370559438,0.009533132530120484,3.168,1992,1
0.0,0.0,0.0,0.0,29860.42036983263,51385.95917012923,4792165.188158834,37311981.51300301,82943.29157807898,0.8814042410179462,0.47253342697743,0.02566022099447514,3.061,1086,1
0.0,0.0,0.0,0.0,29968.26890671084,87647.22937269782,5451548.411448353,66192252.75205887,72220.47053106422,0.8656502003649089,0.44769052026731787,0.01967524115755627,3.071,933,1
0.0,0.0,0.0,0.0,21095.249257303378,37506.58049666398,3772708.013591996,29743877.495946955,145670.06668187946,0.8756248462527692,0.45284677881236224,0.006768409818569904,3.24,2811,1
0.0,0.0,0.0,0.0,17587.62421688761,20592.46715396083,3187151.600500056,15325303.41280715,11618.13093943422,0.8647312177556554,0.46710668898783414,0.08898550724637681,3.063,207,1
0.0,0.0,0.0,0.0,33623.082196721596,97787.21604216305,7158318.265586414,49019053.38336926,13252.940934050854,0.8863600582091655,0.4845623951835023,0.05796428571428571,3.24,168,1
0.0,0.0,0.0,0.0,19100.466886232978,38961.34012150111,3771231.1374527104,31884471.708528962,194430.1504118166,0.8767185646223459,0.45933387110145774,0.0042403648802736595,3.178,4385,1
0.0,0.0,0.0,0.0,26837.572234311967,71108.10110196055,5520446.514982193,55264020.463881835,31309.044382927255,0.880409807612732,0.4677688515733426,0.034306542056074765,3.091,535,1
5.224448897795591,22.460282609530093,0.0,163.0,22144.976733365762,41691.69993222085,3186931.32856525,24956160.63003482,87200.60751086773,0.8812534196937033,0.4567078172444355,0.006308617234468937,3.146,1497,1
0.0,0.0,0.0,0.0,48078.06679469213,117786.93001461514,9065803.955736386,68275728.1696819,8204.4495439509,0.8543944184783177,0.43186700437640924,0.00036842105263157896,0.007,57,1
0.0,0.0,0.0,0.0,20807.757942662993,27899.50179376999,2183317.67822236,17727274.179810163,11997.257083185887,0.9060107864825121,0.4948475537344163,0.17522222222222222,3.167,108,1
0.0,0.0,0.0,0.0,21751.271561909936,45647.61133516351,4415351.037786084,39725790.41101916,58436.191944203194,0.8789093638633347,0.45998365685262904,0.020004073319755598,3.147,982,1
0.0,0.0,0.0,0.0,22163.530965615646,37732.30432975847,3766732.5155777405,25708267.289605252,196407.10944470498,0.8875972656602458,0.4695245079339382,0.002423698384201077,3.098,3899,1
0.0,0.0,0.0,0.0,26419.2785670327,72352.72405174517,4463082.597853259,59614962.997038625,58941.04402152338,0.8969967755913599,0.4477418086914673,0.02051677852348993,3.077,894,1
0.0,0.0,0.0,0.0,21683.03837183813,33288.38846052518,3755038.2036195607,23903893.180218384,74561.32327779822,0.8655258470651184,0.4505035179722971,0.006170974155069583,3.104,1509,1
0.0,0.0,0.0,0.0,22298.3942496724,43657.424408628365,3698379.5672485568,41454139.05079812,84643.10401395851,0.872986329546433,0.4548294892641231,0.006036964980544747,3.07,1542,1
0.0,0.0,0.0,0.0,23596.982038121638,30561.584790390083,4545998.573073074,25353722.501963377,115966.58714734195,0.8581726747161919,0.45380234559982374,0.004272851296043657,3.132,2199,1
0.0,0.0,0.0,0.0,21844.176017528007,67253.48865710449,4129245.569493205,59417361.01053489,41853.384078861534,0.8767154344993524,0.47889773586919954,0.025422764227642277,3.145,738,1
0.0,0.0,0.0,0.0,23218.314139720453,50975.663927435984,3866400.91158512,41059960.88382793,66091.88443278911,0.8866330716494165,0.4468121365714497,0.015248792270531402,3.23,1242,1
0.0,0.0,0.0,0.0,5273.47995033519,6873.193944089877,1979823.5803126479,3874403.1861270387,716.5774289820682,0.7304483755006513,0.16855238349321147,3.064,3.064,3,1
0.0,0.0,0.0,0.0,23647.44846627997,51910.57931549746,5081722.099237201,34674736.271868736,13518.426432373826,0.8722603396232712,0.43870752064012813,5.714285714285714e-05,0.004,210,1
0.0,0.0,0.0,0.0,27128.127181276945,78271.36507419146,2653908.112844103,59941021.20791659,74668.02649882004,0.8791843958890215,0.4578623297897906,0.033923705722070846,3.187,1101,1
13.5,40.93214084848427,0.0,284.0,35298.74332963822,107793.71311002463,6774170.623186424,98473392.23457861,19898.498112992977,0.8949882894165928,0.4968806565774343,0.036,3.063,260,1
57.13793103448276,85.01193158444387,0.0,510.0,3391.7299600566284,6360.374451374425,981926.4732295568,4751281.927321292,7984.051053320958,0.9169328337590271,0.4721466982427255,0.08456896551724138,3.243,232,1
35.92814371257485,74.8411840255571,0.0,556.0,7913.063379949651,14261.992138352947,2701436.1150433957,11916325.743651677,20750.69247481436,0.8680849132126326,0.4677750075223156,0.018880239520958082,3.064,501,1
38.50375939849624,45.597588326668074,0.0,271.0,13890.181662085803,79439.56185383121,1976344.6496923172,20358168.66287208,30030.203094048436,0.9254620320805018,0.492873097976677,0.022781954887218046,3.028,399,1
34.854838709677416,43.85550155858493,0.0,180.0,8812.479125308333,60833.64518366832,4464936.069748845,49788029.31273156,17382.340879832052,0.9040672730878047,0.46108981685875616,0.025951612903225806,3.177,372,1
7.654116145500957,36.46466939754948,0.0,623.0,18916.483872389603,33324.22279520519,3491497.7125045033,23330179.07508883,83856.34771349584,0.8851882240223377,0.4557817007114193,0.0,0.0,1567,1
40.08710801393728,53.04177079057767,0.0,290.0,3516.628113657317,6153.117835251039,662680.3662080839,4410681.221429982,9946.352465019281,0.8636537016615329,0.46641902846549527,0.034149825783972125,3.247,287,1
16.26568265682657,35.626469984846615,0.0,264.0,12575.757046313449,34847.31997683222,2188800.132587715,19794550.864989825,27502.650768238236,0.8750231971256618,0.4354468626941001,0.035618081180811806,3.221,542,1
18.957386363636363,41.76956050286422,0.0,276.0,8743.333907812583,12366.20738217074,2061745.0713546046,9316110.136049114,13669.821503313546,0.8984570528135662,0.4746199602002659,0.02703409090909091,3.172,352,1
8.348370927318296,27.245513965771543,0.0,200.0,17393.064799040727,65909.80249403398,3588866.6289042966,30868382.91090721,20751.92063100019,0.8838034776593185,0.441396102137065,0.02293233082706767,3.049,399,1
41.53900709219858,65.1720270548313,0.0,366.0,4087.1695258203936,7204.954393430799,1340538.1953935863,5051152.757037889,4869.404820491948,0.8835254128870296,0.3988537592442542,0.06861702127659575,3.043,141,1
13.005291005291005,39.481775137329784,0.0,291.0,13489.567702924956,17896.535037933187,2653444.0855474984,13777771.121986462,30614.45060829338,0.8771700104985347,0.46442824290477824,0.012392857142857143,3.069,756,1
0.0,0.0,0.0,0.0,20952.263856569065,66475.20393264492,5162666.717948033,50429471.598345,31959.56927194844,0.8765315156839549,0.4533801295639073,0.049481481481481474,3.158,567,1
0.0,0.0,0.0,0.0,19613.274791105265,53722.24853731282,2954991.3012467143,46867714.74849969,18341.272371432195,0.8604215376181905,0.44659786570643667,0.028045871559633024,3.054,327,1
5.341269841269841,23.586633630734195,0.0,166.0,20745.541168766602,65318.98470081661,5965485.466275215,47095316.57247186,15916.2009672683,0.8894512319682094,0.4526909123773801,0.0002023809523809524,0.017,252,1
38.10666666666667,57.12754183435548,0.0,234.0,3520.15829770828,4448.6849643225305,656280.289051834,3637367.3686275347,2860.337627758838,0.8530223854754821,0.46559405722067676,0.25752,3.192,75,1
42.75555555555555,59.14092285565812,0.0,271.0,4722.434134895461,10262.806938156024,1714376.7451792278,8563181.122282935,4676.2973033917915,0.9353348985896227,0.48563672683521153,0.0026888888888888887,0.121,135,1
12.182795698924732,35.20343533731396,0.0,247.0,16720.88393101552,41180.24482203612,2204699.8289858242,22898644.57245932,23434.992552754367,0.8648246530110109,0.4467409446556218,0.07632258064516129,3.183,372,1
0.0,0.0,0.0,0.0,25030.408531033336,45276.1100836968,4384404.218780153,32056878.75553607,134045.5810494171,0.8827618150052545,0.4562675480880234,0.0038102650399663433,3.01,2377,1
13.529411764705882,30.773604044413663,0.0,92.0,5502.484156168965,8115.934751650912,2064650.1139908526,7340625.61883914,1233.735232960387,0.7881592085706557,0.43998503205824935,0.5648823529411765,3.201,17,1
2.2438725490196076,13.865367959991001,0.0,129.0,18239.226731404036,40556.70223701801,2295134.4406234226,20062309.280818887,41546.406572711996,0.8931768849366887,0.46387833510024123,0.011128676470588234,3.014,816,1
33.301587301587304,43.96686249256179,0.0,170.0,2588.0121133830753,4896.114432869385,789239.0119835108,4604189.635450162,3183.1419661816512,0.904850976505069,0.505063247194949,0.144,3.024,63,1
14.098130841121495,33.36843019661377,0.0,211.0,13394.077664709195,45185.185677149624,2101243.01675195,17451285.859896135,33328.936291228536,0.8794704111179499,0.4615526507433181,0.01501869158878505,3.088,642,1
1.3054101221640488,13.282800358535935,0.0,175.0,21656.35115765712,60674.48340232195,1870962.889941379,30836197.791402344,38059.330703935135,0.8934611250449636,0.45908027561686554,0.04990052356020942,3.234,573,1
0.0,0.0,0.0,0.0,19098.482841295358,55582.8911256276,1813157.2828237065,19950563.910160333,13850.516514771958,0.8417269161248331,0.4429435567067302,2.230483271375465e-05,0.002,269,1
2.55382967327263,16.7472117005072,0.0,221.0,25664.984012112836,41682.16542592577,4953331.540583293,33006550.96502076,117015.35408106164,0.8562460689525003,0.453498014214188,0.005233529726834494,3.237,1867,1
4.019275975552421,23.148831415446335,0.0,331.0,20859.427645922915,31398.676718113195,3570263.0986649636,24639092.088441063,110215.86593814498,0.8796561329423721,0.4639049559261363,0.004376586741889986,3.103,2127,1
0.20458265139116202,4.710726235341583,0.0,148.0,23943.661792617593,36412.96815591252,4468441.814228392,29302855.76535939,172524.55926687206,0.8884068013927229,0.45714848134066044,0.003077577741407529,3.116,3055,1
13.719329214474845,35.69784795567173,0.0,281.0,16776.907222871472,31343.783884963002,3441241.045428376,25322768.53832353,55704.58841067294,0.8778187791382186,0.44793798229485476,0.0,0.0,1133,1
20.57925925925926,40.83095551458319,0.0,249.0,12321.221223850856,23132.229344007294,2231088.593304947,14393080.65697082,32412.014474674892,0.8827742900058652,0.4652053087296091,0.0,0.0,675,1
6.920445505171042,27.031298863959613,0.0,273.0,21348.291650640742,45145.4153935837,4667778.365509227,44095272.77815389,67103.49057810371,0.8771167773937192,0.4638662812340293,0.014711217183770884,3.117,1257,1
36.931398416886545,55.524297945358754,0.0,314.0,7238.6340081202015,13191.62995589358,2035010.2184879263,10611686.081387615,14815.499458688124,0.8097569972121328,0.4489249272088054,0.0,0.0,379,1
3.240506329113924,17.078268722796253,0.0,151.0,22819.156075707586,61366.518543857346,4154827.4480269635,48082775.72147492,98945.33517816983,0.8715780850581127,0.44838602076810036,0.011603164556962024,3.078,1580,1
0.27760416666666665,4.952143933265927,0.0,102.0,22545.11305996631,57626.85216767581,4251316.529957515,47689627.443648815,110641.32428321676,0.8727587585996364,0.45693389879020924,0.009634375,3.124,1920,1
0.34405940594059403,5.811731759780316,0.0,137.0,23490.224203455513,36479.29203525098,4435427.648142192,30168005.466222648,199245.26181881022,0.8833424431272612,0.45619921292855253,0.0025470297029702967,3.082,3636,1
0.0,0.0,0.0,0.0,24415.21471644312,37112.57074402558,4194317.144300305,26688327.35676521,102208.84463625446,0.8660189947694158,0.45710691311483254,0.005866666666666667,3.232,1665,1
0.0,0.0,0.0,0.0,23689.816818216685,31441.591579385906,4414387.29765859,24363799.735951565,149335.96525964834,0.87691082262562,0.47209556609887915,0.003574803149606299,3.178,2667,1
0.0,0.0,0.0,0.0,51454.64250297298,194724.34731202404,3082298.9894167674,151162956.84117535,72779.01149991315,0.8905723086418764,0.4486050885975007,0.04981914893617021,3.195,564,1
0.0,0.0,0.0,0.0,20936.474075875103,28424.784543411322,3851549.8501292984,20426718.75956237,195843.57099600873,0.8845260767479006,0.4623764030362385,0.002438729198184569,3.194,3966,1
0.0,0.0,0.0,0.0,36533.549346890504,103394.4346803995,6843874.959444489,92793173.5624386,43842.9146789544,0.8830405963151817,0.4495534283006903,0.08131372549019608,3.18,459,1
0.0,0.0,0.0,0.0,25193.11765017594,77015.81083996489,3116264.3711292655,56053966.25803323,15879.44817974394,0.9091883252056072,0.5038648563676492,0.038212499999999996,3.055,240,1
4.536697247706422,20.807406252571077,0.0,178.0,20904.734068935082,40638.50465067363,3942121.148306749,34100404.40973571,74071.52038519009,0.8846171308370382,0.45903589539279077,6.88073394495413e-06,0.003,1308,1
0.0,0.0,0.0,0.0,36570.63186961315,63265.42042548991,8117064.265476827,45026444.46064104,11879.778951102298,0.837865309849033,0.43410361869455455,0.0690223880597015,3.081,134,1
0.0,0.0,0.0,0.0,21574.22238504466,41437.94916741012,3377922.410119546,44922597.7417499,47462.125173161,0.8754768774943539,0.4512226692403738,0.022669441141498218,3.227,841,1
0.0,0.0,0.0,0.0,17233.32978440548,29464.59409031634,3142044.154370674,18570029.38804503,117723.61325986516,0.8904312098900866,0.4695937526726319,0.0068662280701754395,3.175,2736,1
0.0,0.0,0.0,0.0,20085.926853078887,41120.43117174615,3632326.7627287214,27499832.478211287,72305.24229444705,0.8788695135391226,0.4456706394386877,0.013145833333333332,3.16,1440,1
13.511882998171846,52.528950203211636,0.0,561.0,27984.13891653043,107341.50789224367,5652843.862097525,85885738.15174891,38278.17885188319,0.8700230384633063,0.4546091210078115,0.03508957952468007,3.235,547,1
47.926540284360186,90.89443019904238,0.0,863.0,4967.47221423749,9759.837025882362,1938897.0477901308,8914943.321739836,15931.622924877272,0.8745323541813869,0.46244507558026177,0.0,0.0,422,1
38.94202898550725,49.84467643268202,0.0,270.0,4165.853943669453,7179.283191404054,1100660.3338931073,5221337.578929544,7463.766113044931,0.7951761609855477,0.40273063255114233,0.09386956521739132,3.233,207,1
4.08656330749354,19.66232402601502,0.0,198.0,22227.867672356813,48918.443912736206,5307021.616382552,41270664.47096106,44469.30141166804,0.9001415186355675,0.47292873748632985,0.011992248062015504,3.008,774,1
3.7310673822301728,26.221196396181636,0.0,559.0,19065.549728569153,32168.46554115943,3158015.469140421,26922507.088732738,84756.79918404095,0.8963838469285211,0.4569192057074197,0.011116279069767442,3.121,1677,1
2.1819960861056753,23.418519137037382,0.0,503.0,23037.12284208836,55947.540424042454,3310899.2884517657,23909975.612556215,91056.72747430083,0.8716203188061763,0.4681478836738916,1.1741682974559689e-05,0.006,1533,1
18.51024811218986,56.08183673045563,0.0,727.0,9416.418691579662,15163.746201316873,2124948.1960227923,11196916.646173308,36632.80253552193,0.8665195308189266,0.4605807818644219,0.0,0.0,927,1
1.7012035583464156,16.947961166943003,0.0,463.0,21502.27114046529,30786.67104690512,4079317.2605520836,24182129.939712655,205424.0231217855,0.894572683743353,0.472875641801169,0.0,0.0,3822,1
0.8756875687568757,7.285474708958799,0.0,89.0,19248.18143914636,59901.46137762152,3715975.064487713,57298523.17812773,50137.75517646168,0.8455053210344454,0.45408580982834357,0.0207029702970297,3.143,909,1
9.115848007414272,29.30984939911445,0.0,271.0,16876.105643272316,57120.59250084916,3990042.9232169716,43759267.34060155,53402.11300049677,0.8519466984398185,0.43772527537268796,0.008591288229842448,3.083,1079,1
1.6008492569002124,17.386025502503138,0.0,355.0,21414.573592866902,34137.72491097896,3926097.0925521497,25648383.161077954,172647.4783387308,0.8845279557768824,0.4662900548096301,0.0027788898999090085,3.052,3297,1
4.855595667870036,24.383502828948806,0.0,392.0,18686.065765616415,30774.25063879086,3849104.3596858527,23589298.6253369,105237.91918297371,0.8753176801401674,0.4531870586836621,0.0,0.0,2216,1
2.5007776049766717,15.527796068880074,0.0,265.0,20184.43960371389,33746.669342493806,3391359.0647895243,25565276.960309535,72686.35371949642,0.8868327881209112,0.45769182333777825,0.01454743390357698,3.189,1286,1
0.0,0.0,0.0,0.0,27860.10324210529,57208.851547565675,5130371.280479065,35416025.725985974,28555.052535056377,0.9090533973976711,0.4546833348965118,3.571428571428571e-05,0.005,420,1
0.0,0.0,0.0,0.0,28709.983576896968,71553.89227635971,4940792.889020219,52776646.872280106,38349.06503206439,0.877009623571843,0.4593178524567897,0.05072043010752688,3.243,558,1
0.0,0.0,0.0,0.0,24634.329014570674,49345.2308737415,4467996.790341823,34756120.25204058,83284.9721464085,0.8701367770534899,0.4577287110245172,0.013727069351230423,3.061,1341,1
0.0,0.0,0.0,0.0,23563.83165549035,45412.117378776435,4078808.908946996,40125097.826637454,32254.41026540691,0.8952931519211407,0.46152505308644126,0.034787709497206706,3.205,537,1
0.0,0.0,0.0,0.0,41825.86252014515,113703.78374043308,5677162.206866534,67056925.75952618,49968.14699180594,0.8509245957709795,0.45576852323177264,0.036522988505747124,3.182,522,1
0.0,0.0,0.0,0.0,940.7548798045982,1323.9385666105961,-48.65930730958349,84.28039252130627,1228.5964017984954,0.614648765937871,0.262804288837568,3.202,3.202,3,1
0.0,0.0,0.0,0.0,19543.421891061196,54158.13432590953,3249047.4655005317,50547310.59836745,132658.4892856923,0.8754736147584509,0.4614966076665883,0.0034255543822597676,3.239,2841,1
0.0,0.0,0.0,0.0,19295.98163362846,22195.623505608863,3392960.7858011653,17741991.43809645,40777.98109332113,0.8655787148459311,0.45073379690541926,0.010405940594059405,3.153,909,1
0.0,0.0,0.0,0.0,27784.701084645698,71620.21563713592,7094313.815409373,73101455.76575112,25086.473270586852,0.8556131948280282,0.4567126810370095,0.0004622641509433963,0.049,318,1
0.0,0.0,0.0,0.0,19726.544149903773,37105.109167465605,3230482.2957841037,23500167.02837311,82897.78145492198,0.8921132461991825,0.46274783884729737,0.010762393162393163,3.221,1755,1
0.0,0.0,0.0,0.0,25670.983710919827,53786.272415717394,3839764.2101742937,23685013.211837903,56312.63969741017,0.8615662184364664,0.4471294749137725,0.03318815331010453,3.239,861,1
0.0,0.0,0.0,0.0,4445.018012675378,5504.847281140975,149747.32187028663,1871056.3152989915,723.4395960870892,0.9560364811219216,0.7159249081965909,3.225,3.225,3,1
0.0,0.0,0.0,0.0,48651.556598465155,78213.74544559499,13491743.43803033,61340027.22549892,15471.485074061233,0.8934350239928934,0.4646068216611435,0.0001258741258741259,0.006,143,1
0.0,0.0,0.0,0.0,25328.32208054865,50770.09685797754,5718962.255876203,45617975.37845515,83636.9230242977,0.8850516914531205,0.4480596629812734,0.013334519572953736,3.23,1405,1
0.0,0.0,0.0,0.0,22644.64418338998,49863.801063573206,3804075.9727159166,35879255.961861916,146449.4329115015,0.8793719942656555,0.4701444739671848,0.0035137513751375142,3.192,2727,1
11.98021978021978,32.787597447903465,0.0,169.0,16751.708384046262,25350.518005949954,3180481.936255399,19178550.999243636,82673.7096716609,1.0212377546344868,0.6091827875888033,0.0,0.0,1820,1
2.3962703962703964,15.497300775807686,0.0,181.0,28779.468644634137,104471.27636656727,3219975.772646047,88509861.21740465,97739.3750417672,0.8951539825941862,0.4735117832194841,0.02851981351981352,3.089,1287,1
9.355008787346222,32.641365326635864,0.0,334.0,19267.39319446431,34273.20311377816,3139520.3593536965,19351915.978146415,67865.6994184108,0.9287579220388852,0.5031252167926382,0.008522847100175746,3.229,1138,1
9.334545454545454,29.152917109000978,0.0,267.0,23752.820118895455,44705.7775065265,4524906.516652239,32150024.00135874,134812.24035481812,0.9062076721195902,0.4713613201525277,0.0,0.0,2200,1
0.0,0.0,0.0,0.0,29234.249945831478,44789.61255999038,4542203.679414259,29136100.539456435,93812.18952200326,0.8689871476966022,0.4696354941777378,0.014024205748865355,3.108,1322,1
4.091935483870968,17.95793683695585,0.0,123.0,986.990121528836,1374.2197668657307,14365.782070838768,269309.83340275823,4298.358878922145,0.0,0.0,0.0,0.0,620,0
22.904761904761905,41.52096799702697,0.0,121.0,788.3600024070598,1538.8563665896127,-402.37807996646626,102045.6908380931,336.4489032053071,0.0,0.0,0.1515238095238095,3.219,63,0
0.35333333333333333,4.246019322787575,0.0,52.0,1355.3854599193965,1423.8857842290072,4977.325494436991,106257.35182407424,1384.385024798994,0.0,0.0,0.02155333333333333,3.227,150,0
0.0,0.0,0.0,0.0,1223.6651522383697,838.5555472494236,2533.7038807800373,69004.93746691053,923.0013017783947,0.0,0.0,0.027756756756756755,3.076,111,0
0.00796812749003984,0.12623888061956062,0.0,2.0,1594.6984501220602,2111.845945739338,-408.03838839810703,109993.62325913747,2789.7696883287686,0.0,0.0,0.013111553784860558,3.178,251,0
0.0,0.0,0.0,0.0,1427.4985535830672,1753.1018181082497,10077.542487938375,200447.51587343562,3141.537566587942,0.0,0.0,0.01031528662420382,3.239,314,0
3.1059190031152646,16.373888001341673,0.0,133.0,1406.724022929136,2685.142855013156,73662.66561479111,1863535.5892659922,6006.703933792475,0.0,0.0,7.78816199376947e-06,0.005,642,0
0.22976098689282962,4.240597007845962,0.0,104.0,774.0284877791833,1163.9813652847115,9097.877273674612,165326.7787249872,6943.355169266137,0.08249807247494217,0.2780175440845642,0.0,0.0,1297,0
0.0,0.0,0.0,0.0,717.8336371472896,1286.1901773400068,13368.243511809958,201013.7954443604,6775.117794172393,0.11619190404797601,0.32752024140739094,0.0,0.0,1334,0
0.4216666666666667,10.223542434007129,0.0,323.0,1402.2230245201356,1802.1831314768372,18962.78129171592,339956.4185831771,17173.63617101194,0.0,0.0,0.0,0.0,1800,0
3.447342995169082,105.57775962328792,0.0,3395.0,1423.3243021553656,1940.8453890116164,3997.0482552157664,114037.38096786439,10232.216007476783,0.0,0.0,0.0,0.0,1035,0
0.0,0.0,0.0,0.0,1059.0857977789476,1336.011603898202,7986.746028408107,121609.14613095329,7268.601937610624,0.0,0.0,0.003073926073926074,3.071,1001,0
0.24538745387453875,3.9815571751597356,0.0,69.0,1232.5759134868424,1748.1374726231272,8005.354759963728,140423.88065280323,4650.464487754406,0.0,0.0,0.005968634686346864,3.232,542,0
0.0,0.0,0.0,0.0,1012.8413531098865,1706.4969738254129,27541.769275147602,501619.4217388542,4741.568078894628,0.0,0.0,0.0091991341991342,3.228,693,0
0.0,0.0,0.0,0.0,914.3124003899679,1280.0375737555607,13421.995756310573,200871.1782344523,5162.860009754281,0.0,0.0,0.007527206771463119,3.151,827,0
0.0,0.0,0.0,0.0,1263.5927134986146,2075.726243218736,41742.42838362363,767724.0673119638,10739.596340175443,0.0,0.0,0.002384736428009441,3.03,1271,0
0.0,0.0,0.0,0.0,1362.0962254172375,1822.3684960906608,15340.82280790921,271996.48039477534,12237.045397389978,0.0,0.0,0.0,0.0,1301,0
1.7188328912466844,12.6740940291376,0.0,123.0,417.71571712547166,712.6119349173298,12102.993462550288,282506.31959859066,2221.6633283275137,0.0,0.0,0.0,0.0,754,0
0.537577365163572,7.741689975914086,0.0,141.0,2413.1236843643123,18805.510121284748,435905.7970022571,19219733.19702669,15031.551858239953,0.0,0.0,0.0,0.0,1131,0
0.15236427320490367,3.5991578713445884,0.0,86.0,1227.7181055272301,1883.6498962129108,45142.554568135776,1059243.4082205775,4752.1189082650635,0.0,0.0,0.011271453590192644,3.227,571,0
0.0,0.0,0.0,0.0,350.3902164548571,498.21231746797076,2066.116915053121,45749.0845198271,1330.5368087461177,0.0,0.0,0.011407821229050279,3.035,537,0
0.0,0.0,0.0,0.0,946.8892013684366,1587.1170775964758,2414.032820648306,94238.91135048735,5989.34192554385,0.0,0.0,0.00687280701754386,3.216,912,0
0.0,0.0,0.0,0.0,846.5336198188709,1283.0602938155778,1557.9381545896777,91364.92465012585,3909.0267466409646,0.0,0.0,0.004713636363636364,3.108,660,0
0.0,0.0,0.0,0.0,1184.0046636231539,1577.3022359990189,4748.74310940368,106938.19082731778,4589.257193369291,0.0,0.0,0.011251366120218579,3.172,549,0
3.68,13.126690367339364,0.0,57.0,485.121641843318,512.2211064358855,-8580.602038328692,46829.61961099972,82.6959911554273,0.0,0.0,0.00068,0.017,25,0
1.7583333333333333,14.04213512266073,0.0,155.0,1544.673529837629,1690.2459678576186,2061.0538887772386,95757.18648689323,5135.19373156876,0.0,0.0,0.013145833333333332,3.193,480,0
0.0,,0.0,0.0,0.0,,0.0,,0.0,0.0,,3.216,3.216,1,0
0.0,0.0,0.0,0.0,1925.0950370245675,2349.4835460854893,1754.7457091609328,159279.17638395957,3753.387509297488,0.0,0.0,0.02342293906810036,3.248,279,0
6.723856209150327,22.49794795877443,0.0,125.0,885.5920185988904,1678.6813101288897,7057.465196036813,188422.78044469928,3812.936736585355,0.0,0.0,0.0,0.0,612,0
7.039426523297491,24.92626293375329,0.0,199.0,1217.0024439490533,1269.489411988571,-997.3722186477586,92422.9872369567,2370.1522919093613,0.0,0.0,0.04471326164874552,3.176,279,0
0.0,0.0,0.0,0.0,449.73270611235125,698.395752749903,-5448.432364044689,36781.00367786224,113.62924326827542,0.0,0.0,0.08735135135135136,3.229,37,0
0.0,0.0,0.0,0.0,501.8501963870012,498.4321645537899,-5156.4826470367225,34014.34420649857,38.458600653035596,0.0,0.0,0.28427272727272723,3.066,11,0
0.0,0.0,0.0,0.0,2484.6595790645206,2478.343112287912,-8528.770412453492,138797.345850565,1247.0879791893742,0.0,0.0,0.04354794520547945,3.173,73,0
0.0,0.0,0.0,0.0,1024.2447440051576,1001.9608984498558,1465.1150812842627,82607.20019548382,4881.814831026308,0.0,0.0,0.00909143686502177,3.107,689,0
0.0,0.0,0.0,0.0,917.436218237086,1051.7770779763105,3785.0204490816054,100877.46852812101,4203.8505085589595,0.0,0.0,0.009579908675799087,3.22,657,0
0.0,0.0,0.0,0.0,1381.6684886237524,1742.9381484647483,3536.241727997084,124090.71089977764,5057.780125311969,0.0,0.0,0.012217307692307694,3.196,520,0
0.0,0.0,0.0,0.0,1344.8236444975935,1897.231793709209,3127.8697475982412,111635.20496414813,6226.0167412430255,0.0,0.0,0.009533132530120482,3.168,664,0
0.0,0.0,0.0,0.0,1836.8579357815606,2188.196647905668,-4493.483892237279,111941.99707863334,4600.294474359037,0.0,0.0,0.02566022099447514,3.061,362,0
0.0,0.0,0.0,0.0,1454.9198340762534,1814.2159492331962,-760.4272031811996,121250.93178124276,3084.9650283427695,0.0,0.0,0.01967524115755627,3.071,311,0
0.0,0.0,0.0,0.0,878.5245818160703,1014.509886209507,2720.735903047362,87284.96115164232,5779.06994309266,0.0,0.0,0.006768409818569904,3.24,937,0
0.0,0.0,0.0,0.0,852.8868356389437,660.5197967224447,8819.808294814951,69011.02238732831,405.91666187858425,0.0,0.0,0.08898550724637681,3.063,69,0
0.0,0.0,0.0,0.0,515.6727678686724,510.79225397240504,-142.79025644602766,45028.89075908711,195.50976849816354,0.0,0.0,0.05796428571428571,3.24,56,0
0.0,0.0,0.0,0.0,535.6879176259164,664.4829190144765,1438.5223195961908,48507.7714013464,5441.872475305148,0.0,0.0,0.0042307167235494875,3.178,1465,0
0.0,0.0,0.0,0.0,915.9930935194238,762.1685665588418,1226.5020083069953,51811.07581035526,1106.3445746186592,0.0,0.0,0.034960000000000005,3.091,175,0
4.937875751503006,20.63281367864752,0.0,122.0,1289.9676725185338,1725.8418251865655,6971.282956998498,161414.7150493758,4516.317227507645,0.0,0.0,0.006308617234468937,3.146,499,0
0.0,0.0,0.0,0.0,968.9829510306577,883.0749938523103,-18819.678478119866,55832.19037511533,125.2984265095655,0.0,0.0,0.00036842105263157896,0.007,19,0
0.0,0.0,0.0,0.0,625.373037696176,475.4501801868707,-4696.713536934435,35263.10550400376,152.95801792522025,0.0,0.0,0.17522222222222222,3.167,36,0
0.0,0.0,0.0,0.0,1134.237332245337,1560.5953583883909,8057.036137563073,126604.4592571081,2593.4732733069745,0.0,0.0,0.01978247734138973,3.147,331,0
0.0,0.0,0.0,0.0,936.7772973478463,1363.4597040460815,4092.87020883285,127150.44485189934,8503.948265385068,0.0,0.0,0.0024305555555555556,3.098,1296,0
0.0,0.0,0.0,0.0,954.5078536031494,1222.4832162550808,-3412.5757497190702,61172.75782147477,2031.5073548577293,0.0,0.0,0.020111842105263157,3.077,304,0
0.0,0.0,0.0,0.0,1013.5082529091512,1296.4262175008705,3271.3776850720487,89110.94405457705,3575.4508808367077,0.0,0.0,0.006245472837022133,3.104,497,0
0.0,0.0,0.0,0.0,868.7901058412399,917.7198950509149,-414.45425634060746,68399.12829761748,3112.0243952836177,0.0,0.0,0.006036964980544747,3.07,514,0
0.0,0.0,0.0,0.0,1235.729088703772,1191.320953872966,5294.957829100038,118309.1283706032,6286.984630008818,0.0,0.0,0.004272851296043656,3.132,733,0
0.0,0.0,0.0,0.0,475.8540004508763,515.257684965565,208.70553263826625,49176.79043042426,835.998533537851,0.0,0.0,0.025422764227642274,3.145,246,0
0.0,0.0,0.0,0.0,857.7822213813529,861.3132196168833,1507.38529062974,63377.516420452455,2507.745656409684,0.0,0.0,0.0152487922705314,3.23,414,0
0.0,,0.0,0.0,0.0,,0.0,,0.0,0.0,,3.064,3.064,1,0
0.0,0.0,0.0,0.0,851.0653644536885,564.6896044280433,-3127.8357966999506,48120.39322384235,406.57007476554526,0.0,0.0,5.714285714285714e-05,0.004,70,0
0.0,0.0,0.0,0.0,970.7820999839352,1035.7103241720424,-631.6739245879943,73649.60441382116,2457.9400265493714,0.0,0.0,0.033923705722070846,3.187,367,0
12.64367816091954,37.73314409187241,0.0,208.0,1020.6518438784586,1746.3272299651585,-9121.160126268805,54051.07831942612,604.1539242990026,0.0,0.0,0.03586206896551724,3.063,87,0
54.675324675324674,75.6425878301582,0.0,371.0,0.0,0.0,0.0,0.0,0.0,0.0,0.0,0.08493506493506493,3.243,77,0
34.50299401197605,70.1459643620579,0.0,429.0,120.78445627743031,392.4519745282131,-1955.7974210929133,21809.436815928068,135.38663626801764,0.0,0.0,0.018880239520958082,3.064,167,0
37.24812030075188,43.398506819558165,0.0,215.0,10.880525894420229,78.16027971950993,-97.63778609798754,6868.494641477778,9.63441361516796,0.0,0.0,0.022781954887218042,3.028,133,0
33.95161290322581,41.89569992462402,0.0,149.0,34.509987528216335,272.9202404436164,-638.2257330278665,7106.980983587247,25.12145078399987,0.0,0.0,0.025951612903225806,3.177,124,0
7.108986615678776,32.88965610147058,0.0,475.0,1057.8880952048614,2192.8037282718687,389.75061243022674,140433.53208869317,3953.212052321429,0.0,0.0,0.0,0.0,523,0
38.78947368421053,53.07920511535088,0.0,288.0,0.0,0.0,0.0,0.0,0.0,0.0,0.0,0.034389473684210525,3.247,95,0
16.248618784530386,35.08876142922689,0.0,226.0,234.0805751536095,448.24283211474363,118.24531898691747,43373.676657516735,303.28992927724425,0.0,0.0,0.0355524861878453,3.221,181,0
18.726495726495727,40.7472495224977,0.0,239.0,147.39913313297927,371.47553362316927,6672.985538228957,123370.55780426509,108.81562041488186,0.0,0.0,0.027111111111111114,3.172,117,0
7.7669172932330826,25.05021841616662,0.0,157.0,227.12407039582567,382.946998599332,-1277.089554232288,24725.597870820682,216.22449610202582,0.0,0.0,0.02293233082706767,3.049,133,0
38.808510638297875,60.7255545011547,0.0,300.0,0.0,0.0,0.0,0.0,0.0,0.0,0.0,0.06861702127659575,3.043,47,0
12.873015873015873,39.558315242341855,0.0,288.0,370.13081477273016,518.8761063792691,-444.13147726405555,38284.340616032154,651.9551172748636,0.0,0.0,0.012392857142857141,3.069,252,0
0.0,0.0,0.0,0.0,203.80158746502687,161.32330411667346,-46.48818115471262,21390.20453701795,277.25163958414834,0.0,0.0,0.04948148148148148,3.158,189,0
0.0,0.0,0.0,0.0,379.6366719708793,435.3013715947419,199.70158601050437,50837.987457936404,295.01805853278023,0.0,0.0,0.028045871559633027,3.054,109,0
4.845238095238095,20.59915429754224,0.0,128.0,236.16245130438097,353.23902519747594,-1828.6288340361982,24324.26968245327,145.8081209955192,0.0,0.0,0.0002023809523809524,0.017,84,0
35.56,54.10720839222811,0.0,185.0,0.0,0.0,0.0,0.0,0.0,0.0,0.0,0.25751999999999997,3.192,25,0
39.15555555555556,52.901690794235385,0.0,199.0,0.0,0.0,0.0,0.0,0.0,0.0,0.0,0.0026888888888888887,0.121,45,0
11.838709677419354,33.46941015625627,0.0,186.0,404.36375893645214,537.4325679642252,-3136.5583239101547,35327.260515353126,338.29710017886475,0.0,0.0,0.0763225806451613,3.183,124,0
0.0,0.0,0.0,0.0,1189.9068805546033,1205.7523034061107,3042.940972211803,101603.4359097748,6536.427890697935,0.0,0.0,0.0038070617906683477,3.01,793,0
13.6,29.854647879350377,0.0,67.0,0.0,0.0,0.0,0.0,0.0,0.0,0.0,0.6402,3.201,5,0
2.1433823529411766,13.26586053281674,0.0,110.0,491.2753173201989,634.5202938716245,-1775.851898119579,38470.60934631354,925.9046123389131,0.0,0.0,0.011128676470588234,3.014,272,0
31.142857142857142,40.12266904666951,0.0,127.0,0.0,0.0,-8.396945507501142,38.479638394543365,0.0,0.0,0.0,0.144,3.024,21,0
13.850467289719626,33.00186471849713,0.0,230.0,219.60557117684095,451.81511646012655,-2481.4642127366437,25376.181932124335,323.9363494059039,0.0,0.0,0.015018691588785047,3.088,214,0
1.1780104712041886,11.654668737864814,0.0,132.0,530.5876093345794,749.6013213330016,-3431.0049106138636,45983.03345487366,710.2187306353243,0.0,0.0,0.04990052356020943,3.234,191,0
0.0,0.0,0.0,0.0,323.9883547075374,280.9404861929686,-672.090153788821,26211.364204818998,208.41402805910568,0.0,0.0,2.1978021978021977e-05,0.002,91,0
2.5426731078904994,16.723661003473445,0.0,227.0,1531.0686022740886,2053.6705878706007,3722.545103556325,164974.21669516206,6574.266541848076,0.0,0.0,0.005244766505636071,3.237,621,0
3.805049088359046,22.15445975036296,0.0,335.0,1065.264839416176,1458.2746195811392,880.755466228996,104985.16977678024,5287.760232688956,0.0,0.0,0.004352033660589061,3.103,713,0
0.20510304219823355,4.6411643101078655,0.0,117.0,1317.072657647253,1356.3314779735417,3501.076712533058,121078.22304741651,9380.021633464667,0.0,0.0,0.003075564278704612,3.116,1019,0
13.471849865951743,34.99519761306398,0.0,254.0,765.5174612896818,1707.5789828639768,3617.971075898162,120249.78370539461,2013.314194263457,0.0,0.0,0.0,0.0,373,0
19.862222222222222,38.67462305251299,0.0,222.0,693.4162370076318,1438.3647517107095,-2156.890293504026,91707.99453843904,1086.7913391528034,0.0,0.0,0.0,0.0,225,0
6.6181384248210025,24.594943568909173,0.0,208.0,1071.8077646952959,1369.391135401654,244.20573441957538,95760.70732000795,3110.492021535031,0.0,0.0,0.014711217183770883,3.117,419,0
34.1,51.47330910663891,0.0,247.0,184.50321816384692,395.18598720295,-793.7949564601032,18869.827516440786,162.78561438732234,0.0,0.0,0.0,0.0,130,0
3.1720841300191203,16.67864583454348,0.0,137.0,1020.1124030270794,1014.1859836722055,187.48268383114433,76590.80136077847,3712.4404753037215,0.0,0.0,0.011684512428298278,3.078,523,0
0.3078125,5.419832724047027,0.0,99.0,944.6794288631124,1142.272939202623,1994.991723154538,97505.68293063762,4277.285436726613,0.0,0.0,0.009634374999999999,3.124,640,0
0.3234323432343234,5.399270107066361,0.0,112.0,1276.5530379837599,1555.9387961347927,2942.478334084308,127794.46228784022,10714.33587393026,0.0,0.0,0.0025470297029702967,3.082,1212,0
0.0,0.0,0.0,0.0,1462.2930812232744,1941.6930756032161,2950.722545484771,137033.51342871762,5667.714883270005,0.0,0.0,0.005866666666666667,3.232,555,0
0.0,0.0,0.0,0.0,1395.163307565514,1597.0644671328475,5996.81680213973,152610.22173314108,8674.271693697721,0.0,0.0,0.0035748031496062992,3.178,889,0
0.0,0.0,0.0,0.0,923.7125706364191,1707.6992238120686,-5365.618961546586,74226.0260631364,1213.7605431398097,0.0,0.0,0.04981914893617021,3.195,188,0
0.0,0.0,0.0,0.0,1070.0893725851238,1281.5991265282946,6136.739405553037,131093.0170565805,10062.97105380364,0.0,0.0,0.0024387291981845687,3.194,1322,0
0.0,0.0,0.0,0.0,1337.1569208498104,1334.9474716778955,4666.008335259034,166853.50025191897,1379.5543709781437,0.0,0.0,0.08131372549019608,3.18,153,0
0.0,0.0,0.0,0.0,1114.423204969856,1120.044984721199,-92.67570485232518,87953.19400815682,630.9566461021697,0.0,0.0,0.038212499999999996,3.055,80,0
4.555045871559633,20.96070098958769,0.0,167.0,1079.8128783442369,1734.4459598981296,1937.0887571166518,112937.2905601885,3353.7242800419444,0.0,0.0,6.880733944954129e-06,0.003,436,0
0.0,0.0,0.0,0.0,1612.2569728637018,1140.9524636182452,-7368.5801294307,85801.77000979576,532.8768213278356,0.0,0.0,0.06291836734693877,3.081,49,0
0.0,0.0,0.0,0.0,1073.1820601630918,1291.9666761723174,2430.708188213453,110954.26566400482,2062.872577718457,0.0,0.0,0.02302536231884058,3.227,276,0
0.0,0.0,0.0,0.0,425.347900911871,587.5834992263402,634.3798662676659,34610.162347844016,2753.963660477319,0.0,0.0,0.006866228070175438,3.175,912,0
0.0,0.0,0.0,0.0,599.1332691788084,645.4248470539372,4010.6438297940063,96763.66590940153,1974.554450535019,0.0,0.0,0.013145833333333334,3.16,480,0
13.311475409836065,51.603690871365664,0.0,460.0,891.0248765285464,1365.0092932350062,-3819.530252018039,69648.36877620558,1116.3134318315467,0.0,0.0,0.03496174863387978,3.235,183,0
45.628571428571426,79.39821708100467,0.0,635.0,0.0,0.0,0.0,0.0,0.0,0.0,0.0,0.0,0.0,140,0
36.26086956521739,45.04985871033306,0.0,207.0,0.0,0.0,0.0,0.0,0.0,0.0,0.0,0.09386956521739132,3.233,69,0
4.003875968992248,18.88455570201158,0.0,149.0,954.1855401378779,1446.0861395899192,-566.4087707594994,94870.76008418527,1700.0760944517435,0.0,0.0,0.011992248062015503,3.008,258,0
3.599284436493739,25.44536066585355,0.0,465.0,761.973473181661,976.6019796277373,1002.0008866683468,63502.92331159616,2998.978536319341,0.0,0.0,0.011116279069767443,3.121,559,0
2.0547945205479454,21.952732902066206,0.0,416.0,1015.5087104020773,1264.121579411894,685.9377306560174,119541.45260931877,3647.7023707990647,0.0,0.0,1.1741682974559687e-05,0.006,511,0
17.55987055016181,50.70452163534235,0.0,568.0,208.1835979215193,492.9099345330994,-2954.686332201913,32468.8368273012,429.9398959657127,0.0,0.0,0.0,0.0,309,0
1.6428571428571428,16.33353506242623,0.0,382.0,1039.9117401355022,1343.6135237765548,74.95788665808657,99602.08218413076,9238.475307139784,0.0,0.0,0.0,0.0,1274,0
0.8679867986798679,7.213563262370581,0.0,78.0,547.297231603323,618.6148244216188,-1414.3145751344234,55652.275579375724,1186.1916734464746,0.0,0.0,0.0207029702970297,3.143,303,0
8.515235457063712,26.760676280950943,0.0,201.0,286.70434462935316,380.1827775422266,-1382.8292765463743,27373.972827271868,708.7604336848926,0.0,0.0,0.008559556786703603,3.083,361,0
1.5500910746812386,16.52427691096245,0.0,275.0,970.1808816747348,1358.6802988800214,449.2852929075465,78210.89015844188,7452.357860227251,0.0,0.0,0.002781420765027322,3.052,1098,0
4.723951285520974,23.536792568665508,0.0,343.0,800.5974631638168,1497.6046328487973,2829.635393088036,108478.77147726127,4048.5947022881564,0.0,0.0,0.0,0.0,739,0
2.44392523364486,14.714110403894736,0.0,209.0,1019.4968484809363,1590.49634521888,856.5619906347592,82445.46827158204,3077.668788714176,0.0,0.0,0.014570093457943927,3.189,428,0
0.0,0.0,0.0,0.0,1173.7562604839038,1445.3068850657392,-143.15677983297314,89032.41629682419,1141.8181749980606,0.0,0.0,3.571428571428572e-05,0.005,140,0
0.0,0.0,0.0,0.0,822.3515891463625,831.9528657355781,-382.55544821702347,46019.50242262859,1040.2487598472776,0.0,0.0,0.05072043010752688,3.243,186,0
0.0,0.0,0.0,0.0,1291.2812355334531,1594.132572334107,6538.9361286560425,153928.7101254144,3990.448592221056,0.0,0.0,0.013727069351230425,3.061,447,0
0.0,0.0,0.0,0.0,912.5532852657497,917.7270281798226,1085.491553736582,63383.64043904165,1144.9328971482187,0.0,0.0,0.034787709497206706,3.205,179,0
0.0,0.0,0.0,0.0,1397.1070210885957,1882.4716489119655,-3440.0979148304787,113675.90375360534,1685.7600077492261,0.0,0.0,0.036522988505747124,3.182,174,0
0.0,,0.0,0.0,0.0,,0.0,,0.0,0.0,,3.202,3.202,1,0
0.0,0.0,0.0,0.0,562.172417041444,605.8837054275956,337.6518950573073,45583.74276177111,3705.925480067476,0.0,0.0,0.0034255543822597676,3.239,947,0
0.0,0.0,0.0,0.0,707.6296668523388,631.6230199987468,2113.935266498765,53892.55625800644,1485.3934489149663,0.0,0.0,0.010405940594059407,3.153,303,0
0.0,0.0,0.0,0.0,2038.0946683580073,3302.6350185490537,-22774.729915709133,206015.3199975498,1397.7071472046982,0.0,0.0,0.00046226415094339623,0.049,106,0
0.0,0.0,0.0,0.0,733.6972324314766,747.7287474391911,1874.0585681646653,80153.25226871092,3031.8275054569103,0.0,0.0,0.010762393162393163,3.221,585,0
0.0,0.0,0.0,0.0,1194.8816494327818,1078.9234934722454,1182.5374006416557,86432.45047753217,2375.8402594483305,0.0,0.0,0.03318815331010453,3.239,287,0
0.0,,0.0,0.0,0.0,,0.0,,0.0,0.0,,3.225,3.225,1,0
0.0,0.0,0.0,0.0,3095.4619691765333,2912.7005911041233,1006.7023282405264,171989.31924040557,1095.4383966068287,0.0,0.0,0.00011538461538461538,0.006,52,0
0.0,0.0,0.0,0.0,1217.7580939966995,1919.910827179026,5471.253680961773,141369.86851814965,3943.5374469821454,0.0,0.0,0.01345905172413793,3.23,464,0
0.0,0.0,0.0,0.0,1062.1234189755785,1841.004773892338,2577.6606841637536,94505.30909087045,6725.653368751939,0.0,0.0,0.003513751375137514,3.192,909,0
11.397034596375617,30.61302475942623,0.0,139.0,713.6036414271886,971.0379015022639,-4489.757527417488,159916.67556998448,2980.022339972533,0.214168039538715,0.5718335902029837,0.0,0.0,607,0
2.3496503496503496,14.847948381481578,0.0,134.0,918.6225993951015,1206.0591215582892,-263.29494541408786,88761.44441318476,2684.8630297955115,0.05827505827505827,0.2536791130354952,0.02851981351981352,3.089,429,0
9.08179419525066,30.516300804025462,0.0,250.0,1046.7902140454376,1403.6875957524057,5088.823481816567,177124.55453385174,2721.057032096266,0.09498680738786279,0.35103955570101275,0.008530343007915567,3.229,379,0
8.903269754768392,27.139278285470148,0.0,198.0,1393.718133223564,2132.2772039589554,-5282.596463283752,480874.1886048259,7005.60563992363,0.08038147138964577,0.2867170653509358,0.0,0.0,734,0
0.0,0.0,0.0,0.0,1825.9560848358185,2050.291755756567,2860.4442409189783,176176.97023471392,5545.92984477515,0.0,0.0,0.014045454545454547,3.108,440,0
0.0,0.0,0.0,0.0,1545.1683432186164,1894.8861077075505,10197.474502937577,220598.01958963284,6531.447948133161,0.0,0.0,0.015384364820846905,3.236,614,0
6.2928759894459105,21.43505576808414,0.0,114.0,689.1239239993494,924.378699821037,1878.026145996385,73028.58622480916,1794.9854691776127,0.0,0.0,0.016886543535620052,3.247,379,0
1.2169491525423728,12.730342356394473,0.0,181.0,1209.1263335965828,1928.0974195299652,25583.46090088085,329459.0704925523,2446.3833397399167,0.0,0.0,0.010454237288135593,3.077,295,0
0.0,0.0,0.0,0.0,1541.0382376806679,2650.164721220347,3983.5427253356193,183625.40451739568,5780.288168367998,0.0,0.0,0.005958801498127341,3.182,534,0
3.393530997304582,17.852034247852185,0.0,174.0,1132.7134997751189,1746.4355835364906,1681.8017035344092,124186.83467008348,5873.816729047017,0.0,0.0,1.3477088948787062e-05,0.01,742,0
8.96398891966759,27.01062197728658,0.0,140.0,1029.316900850307,1710.4080150310754,9828.509931918896,278300.6200267177,2535.9530805240893,0.0,0.0,0.01734903047091413,3.132,361,0
0.41955555555555557,8.48968233846163,0.0,223.0,1279.817508001096,1688.398414292898,7108.436954623996,180145.29335682603,10123.241709910833,0.0,0.0,8.888888888888889e-07,0.001,1125,0
6.342105263157895,52.120480049320584,0.0,622.0,1044.2317240908505,1484.7612574110203,-4080.7766484465646,72047.83325388725,1090.2388536783906,0.0,0.0,0.020072368421052634,3.051,152,0
4.091324200913242,18.565016375567467,0.0,123.0,1256.4807434967247,2014.2643356733092,2834.351355952072,146274.84071194255,3840.9827849161966,0.0,0.0,0.00710730593607306,3.011,438,0
3.1672727272727275,43.57242432777849,0.0,940.0,925.6583369465167,1084.8556363291807,3666.781025027568,105256.87177514394,7060.502153477198,0.0,0.0,0.0,0.0,1100,0
26.19060773480663,56.6524088102736,0.0,598.0,808.1503690322804,1726.8665035136983,432.058114327887,89472.91813390297,2025.2734550883752,0.0,0.0,0.0,0.0,362,0
20.96875,38.92271779470591,0.0,126.0,543.2337367136453,1155.0249897768708,-3556.8156958229515,101964.45553149514,361.88687617210934,0.0,0.0,0.06473958333333334,3.144,96,0
0.0,0.0,0.0,0.0,135.16788055064995,155.39346203567925,-5662.900726737034,9472.35704614014,7.23606797749979,0.0,0.0,0.42450000000000004,3.2,8,0
0.0,0.0,0.0,0.0,509.97816913372606,514.0204323101644,267.0546190930488,44865.082384189336,651.4743877696845,0.0,0.0,0.034939226519337015,3.189,181,0
0.0,0.0,0.0,0.0,2384.828011217112,2884.3362891887245,-13668.097619177526,134180.1115499817,1058.92411844958,0.0,0.0,0.09953124999999999,3.187,64,0
0.0,0.0,0.0,0.0,1642.9178462804996,1864.0419459199366,4154.037184848621,126958.81931325281,6693.611921405508,0.0,0.0,0.005194158075601374,3.013,582,0
40.75555555555555,46.23218330808798,0.0,171.0,0.0,0.0,0.0,0.0,0.0,0.0,0.0,0.017572222222222225,3.103,180,0
23.718954248366014,37.78113172853192,0.0,138.0,915.5653755706046,1815.201347936124,-3200.650281083319,80291.01628631864,963.9617222321469,0.0,0.0,0.02056862745098039,3.147,153,0
27.10810810810811,44.71847020184871,0.0,136.0,437.09988013091714,776.2057608691956,-3275.748719591412,54804.005593348294,230.52848970148398,0.0,0.0,8.108108108108108e-05,0.006,74,0
21.203296703296704,40.91315948330019,0.0,173.0,332.5466216017802,603.8080052452884,-4275.128078738043,30164.291890781973,409.2865048414467,0.0,0.0,0.052170329670329675,3.149,182,0
0.0,0.0,0.0,0.0,958.7401417536846,1115.7897175787969,-629.5300282065089,107975.50324403399,1323.794351699705,0.0,0.0,0.033305263157894734,3.247,190,0
0.0,0.0,0.0,0.0,806.9230442017682,842.4593519512275,2463.936191174989,90716.82805261572,849.4685113516917,0.0,0.0,0.043649999999999994,3.042,140,0
3.0930787589498805,27.31752727608097,0.0,461.0,1047.4753659877765,1203.6058308409392,282.8726384039656,89954.4618918913,3066.0586664199063,0.0,0.0,0.007680190930787589,3.184,419,0
3.3828828828828827,16.694819278638583,0.0,121.0,1199.2643203485484,1283.9205864183145,6832.067785301511,149699.46373477805,1830.894522748214,0.0,0.0,0.02836036036036036,3.119,222,0
37.134715025906736,44.92032862754803,0.0,167.0,0.0,0.0,0.0,0.0,0.0,0.0,0.0,0.016792746113989634,3.223,193,0
0.17307692307692307,2.7907815282571895,0.0,45.0,1475.8643064493494,1497.5816493569316,15.715350174648428,98164.15311339757,2649.6542272159995,0.0,0.0,0.04781153846153846,3.165,260,0
11.472727272727273,29.082517555330902,0.0,130.0,1021.0238181404587,1508.7382241506045,-5938.8583656365345,94980.28604128132,800.6352460065722,0.0,0.0,0.02839090909090909,3.12,110,0
30.706806282722514,42.271527131891936,0.0,139.0,252.40039808630047,715.2639141718029,-1284.9295703933608,24906.667685594188,328.24409862135104,0.0,0.0,0.016277486910994763,3.109,191,0
0.0,0.0,0.0,0.0,1037.29300966089,704.8966997637189,571.1952297136993,75143.34781575874,304.9581011414977,0.0,0.0,0.07646341463414634,3.135,41,0
25.798387096774192,42.36100750368181,0.0,152.0,797.4922575960303,1677.615543682304,-7487.354856608425,59330.73267748033,655.6819137082483,0.0,0.0,0.05341935483870967,3.234,124,0
0.0,0.0,0.0,0.0,1444.554469593096,1108.0031459001557,-8638.913062298612,71433.32352423944,968.3603629275631,0.0,0.0,0.09365656565656565,3.153,99,0
0.0,0.0,0.0,0.0,493.07124445999887,502.1700820632761,2509.4985983120873,47231.97242375342,230.69314571990142,0.0,0.0,0.100265625,3.185,64,0
32.346846846846844,45.55531135584048,0.0,164.0,580.1666259290038,1724.13383579398,23527.380526305566,492647.97141051095,857.0116568836343,0.0,0.0,9.00900900900901e-06,0.002,222,0
0.0,0.0,0.0,0.0,2070.6297953587505,1838.6531092364635,-12682.63509649255,113778.85245117129,684.3928599323946,0.0,0.0,0.13253191489361701,3.142,47,0
23.626666666666665,37.38724375406306,0.0,134.0,731.6106612789395,1730.6905606207922,-4072.37147755618,107371.7985671647,788.9701123756057,0.0,0.0,4e-05,0.006,150,0
25.866666666666667,39.36438817230335,0.0,141.0,1196.5013744578478,2597.1926012284803,19944.60118802337,402638.0425577319,693.6985955126393,0.0,0.0,0.0712,3.219,90,0
0.0,0.0,0.0,0.0,1250.9333723950092,1126.4527413482099,-8060.908880701729,125791.33157986475,322.78373152979407,0.0,0.0,0.17245945945945945,3.145,37,0
9.150579150579151,34.45304227142078,0.0,272.0,1082.3552259490878,1643.6527941760733,-2181.392791337086,86119.66812014159,1937.5806660230164,0.0,0.0,0.023694980694980692,3.086,259,0
0.0,0.0,0.0,0.0,527.0014051048804,311.5371908329618,1642.9961362288675,33682.06403831766,142.59057618969058,0.0,0.0,0.00015000000000000001,0.006,40,0
19.046153846153846,36.40936951856068,0.0,159.0,1081.7226484568862,1875.213269797379,-4325.428681772702,94369.18120063732,1450.018392371744,0.0,0.0,0.048589743589743585,3.231,195,0
11.491525423728813,29.645243196585305,0.0,112.0,1026.4358448763767,1092.6321428581841,-2649.1902066048274,65495.4418732376,410.14106649383723,0.0,0.0,0.0535593220338983,3.034,59,0
13.69078947368421,33.17408099260219,0.0,155.0,478.58613268747393,576.9116607131211,960.6517438314452,43269.73170761441,495.29296064749377,0.0,0.0,0.06174342105263158,3.208,152,0
36.475247524752476,43.10002182352253,0.0,149.0,0.0,0.0,0.0,0.0,0.0,0.0,0.0,0.03086138613861386,3.028,101,0
31.758474576271187,50.00592445968213,0.0,296.0,406.3460802526687,977.7297671267347,-1089.0352245069766,65049.742162680486,674.9127665333285,0.0,0.0,0.013233050847457628,3.044,236,0
14.303571428571429,52.33838141203039,0.0,351.0,810.3514341110038,1032.4777657364477,-495.90837314851564,59844.781144679415,307.05438500551287,0.0,0.0,0.05480357142857143,3.069,56,0
7.372093023255814,23.137857833349205,0.0,95.0,1583.7876527725603,1775.9669043831798,1371.5753748550012,101573.44191759676,1408.4232103463917,0.0,0.0,0.049069767441860465,3.199,129,0
0.0,0.0,0.0,0.0,548.168670631388,559.7557505723422,-1476.3527512165529,37855.54480810061,164.0755372879596,0.0,0.0,4.545454545454546e-05,0.002,44,0
5.220338983050848,19.909335703608278,0.0,97.0,872.0628049329544,748.7652840524487,3509.998625308691,78305.57755245306,358.9435635157358,0.0,0.0,0.0,0.0,59,0
