timestamp,button,interval
1771961495.945207,Button.left,0
1771961788.394847,Button.left,0
1771992066.3902256,Button.left,0
1771992067.5514374,Button.left,1.1612117290496826
1771992083.9113383,Button.left,16.359900951385498
1771992085.6495056,Button.left,1.7381672859191895
1771992090.84773,Button.left,5.198224306106567
1771992092.8516874,Button.left,2.003957509994507
1771992093.0673447,Button.left,0.21565723419189453
1771992096.4334917,Button.left,3.366147041320801
1771992096.6255941,Button.left,0.19210243225097656
1771992098.4921672,Button.right,1.8665730953216553
1771992100.1455677,Button.left,1.6534004211425781
1771992111.047553,Button.left,10.90198540687561
1771992112.4093823,Button.left,1.3618292808532715
1771992113.3636444,Button.left,0.9542620182037354
1771992119.7606058,Button.left,6.396961450576782
1771992121.956761,Button.left,2.196155071258545
1771992122.5322819,Button.left,0.5755209922790527
1771992132.4118373,Button.left,9.879555463790894
1771992148.9815674,Button.left,16.569730043411255
1771992153.6660182,Button.left,4.68445086479187
1771992177.487578,Button.left,23.82155966758728
1771992181.1011803,Button.left,3.61360239982605
1771992198.293075,Button.left,17.19189476966858
1771992201.8302214,Button.left,3.5371463298797607
1771992213.8855305,Button.left,12.055309057235718
1771992221.6359584,Button.left,7.750427961349487
1771992225.3360956,Button.left,3.700137138366699
1771992232.6730483,Button.left,7.3369526863098145
1771992286.3400042,Button.left,53.66695594787598
1771992297.697317,Button.left,11.357312679290771
1771992301.88861,Button.left,4.191293001174927
1771992307.2008567,Button.left,5.312246799468994
1771992307.7745235,Button.left,0.5736668109893799
1771992313.647233,Button.right,5.872709512710571
1771992314.3247092,Button.left,0.677476167678833
1771992318.0234919,Button.left,3.6987826824188232
1771992320.7945569,Button.left,2.7710649967193604
1771992321.371068,Button.left,0.5765111446380615
1771992407.2665246,Button.left,85.8954565525055
1771992410.0276206,Button.left,2.7610960006713867
1771992414.744627,Button.left,4.71700644493103
1771992416.8272967,Button.left,2.082669734954834
1771992417.6352444,Button.left,0.8079476356506348
1771992418.9704356,Button.left,1.335191249847412
1771992422.4703093,Button.left,3.499873638153076
1771992426.5511942,Button.left,4.08088493347168
1771992426.9801266,Button.left,0.42893242835998535
1771992428.789742,Button.left,1.8096153736114502
1771992437.5125813,Button.left,8.72283935546875
1771992442.3196561,Button.left,4.807074785232544
1771992446.420879,Button.left,4.10122275352478
1771992448.8395462,Button.left,2.4186673164367676
1771992488.9639878,Button.left,40.124441623687744
1771992492.8097086,Button.left,3.8457207679748535
1771992497.5274806,Button.left,4.717772006988525
1771992498.0953503,Button.left,0.5678696632385254
1771992511.0559466,Button.right,12.960596323013306
1771992511.9906538,Button.left,0.9347071647644043
1771992512.9436867,Button.left,0.9530329704284668
1771992514.0230308,Button.left,1.0793440341949463
1771992518.295632,Button.left,4.272601127624512
1771992527.349945,Button.left,9.05431318283081
1771992533.6777318,Button.left,6.327786684036255
1771992534.3424947,Button.left,0.6647629737854004
1771992548.734983,Button.left,14.392488241195679
1771992552.4238303,Button.left,3.688847303390503
1771992556.944863,Button.left,4.521032810211182
1771992584.3891494,Button.left,27.444286346435547
1771992613.116096,Button.left,28.726946592330933
1771992614.6100154,Button.left,1.4939193725585938
1771992625.102966,Button.left,10.492950677871704
1771992630.0391316,Button.left,4.9361655712127686
1771992632.1278925,Button.left,2.0887608528137207
1771992635.6202617,Button.left,3.4923691749572754
1771992669.8662336,Button.left,34.24597191810608
1771992675.355287,Button.left,5.48905348777771
1771992687.333083,Button.left,11.977795839309692
1771992691.288822,Button.left,3.9557390213012695
1771992714.983412,Button.left,23.694590091705322
1771992715.7922974,Button.left,0.8088853359222412
1771992727.929523,Button.left,12.13722562789917
1771992753.8401194,Button.left,25.91059637069702
1771992763.6055264,Button.left,9.765407085418701
1771992764.707518,Button.left,1.1019916534423828
1771992766.4794588,Button.left,1.7719407081604004
1771992768.1803935,Button.left,1.700934648513794
1771992768.5950625,Button.left,0.4146690368652344
1771992769.9265144,Button.left,1.3314518928527832
1771992770.1292522,Button.left,0.20273780822753906
1771992771.4754229,Button.left,1.3461706638336182
1771992772.5528502,Button.left,1.0774273872375488
1771992772.7615354,Button.left,0.20868515968322754
1771992773.82744,Button.left,1.0659046173095703
1771992778.847194,Button.left,5.019753932952881
1771992784.2277062,Button.left,5.380512237548828
1771992802.5541732,Button.left,18.326467037200928
1771992804.6703188,Button.left,2.116145610809326
1771992817.706372,Button.left,13.03605318069458
1771992846.8169432,Button.right,29.110571146011353
1771992851.411933,Button.left,4.594989776611328
1771992852.4852057,Button.left,1.073272705078125
1771992856.9463031,Button.left,4.461097478866577
1771992858.4826035,Button.left,1.5363004207611084
1771992865.342187,Button.left,6.859583377838135
1771992926.5680106,Button.left,61.225823640823364
1771992927.5160282,Button.left,0.9480175971984863
1771992928.7140975,Button.left,1.1980693340301514
1771992930.138496,Button.left,1.424398422241211
1771992936.3418343,Button.left,6.203338384628296
1771992936.9923291,Button.left,0.6504948139190674
1771992961.4717906,Button.left,24.479461431503296
1771992962.1148567,Button.left,0.6430661678314209
1771992964.4759822,Button.left,2.3611254692077637
1771992973.591553,Button.left,9.115570783615112
1771992975.9223008,Button.left,2.3307478427886963
1771992976.9043782,Button.left,0.9820773601531982
1771992996.2210658,Button.left,19.31668758392334
1771992999.8110027,Button.left,3.5899369716644287
1771993002.969167,Button.left,3.1581642627716064
1771993051.1859846,Button.left,48.21681761741638
1771993151.5618331,Button.left,100.37584853172302
1771993182.3354967,Button.left,30.77366352081299
1771993212.8102944,Button.left,30.47479772567749
1771993214.3731024,Button.left,1.5628080368041992
1771993215.7368402,Button.left,1.3637378215789795
1771993218.7259378,Button.left,2.9890975952148438
1771993219.1539907,Button.left,0.4280529022216797
1771993224.487913,Button.left,5.3339221477508545
1771993226.3194597,Button.left,1.8315467834472656
1771993228.2487547,Button.left,1.9292950630187988
1771993231.065446,Button.left,2.8166911602020264
1771993243.881928,Button.left,12.816482067108154
1771993249.2704546,Button.left,5.388526678085327
1771993254.6167157,Button.left,5.346261024475098
1771993256.2551546,Button.left,1.6384389400482178
1771993259.532633,Button.left,3.2774784564971924
1771993261.1824558,Button.left,1.64982271194458
1771993263.836849,Button.left,2.654393196105957
1771993265.1107492,Button.left,1.2739002704620361
1771993269.5659766,Button.left,4.455227375030518
1771993270.6529086,Button.left,1.0869319438934326
1771993275.0446117,Button.left,4.391703128814697
1771993276.316544,Button.left,1.2719323635101318
1771993286.4981601,Button.left,10.181616067886353
1771993288.6291518,Button.left,2.1309916973114014
1771993290.1172729,Button.left,1.4881210327148438
1771993292.7361891,Button.left,2.6189162731170654
1771993295.1270292,Button.left,2.3908400535583496
1771993295.9085567,Button.left,0.7815275192260742
1771994582.1764112,Button.left,1286.2678544521332
1771994590.7660897,Button.left,8.589678525924683
1771994591.4714503,Button.left,0.7053606510162354
1771994593.6144948,Button.left,2.1430444717407227
1771994594.1414442,Button.left,0.526949405670166
1771994603.3995235,Button.left,9.258079290390015
1771994604.62368,Button.left,1.2241566181182861
1771994606.6978388,Button.left,2.0741586685180664
1771994607.2798135,Button.left,0.5819747447967529
1771994612.2732131,Button.left,4.993399620056152
1771994612.715726,Button.left,0.44251275062561035
1771994617.2595358,Button.left,4.54380989074707
1771994622.5533514,Button.left,5.293815612792969
1771994623.9566333,Button.left,1.4032819271087646
1771994625.5901773,Button.left,1.6335439682006836
1771994626.2887814,Button.left,0.6986041069030762
1771994630.6660304,Button.left,4.377249002456665
1771994634.5742729,Button.left,3.9082424640655518
1771994636.7453148,Button.left,2.171041965484619
1771994641.1091383,Button.left,4.363823413848877
1771994642.3567889,Button.left,1.2476506233215332
1771994644.3636737,Button.left,2.006884813308716
1771994645.4694028,Button.left,1.105729103088379
1771994665.607766,Button.left,20.138363122940063
1771994672.383742,Button.left,6.775976181030273
1771994673.8434231,Button.left,1.4596810340881348
1771994676.9143443,Button.left,3.0709211826324463
1771994686.8567522,Button.left,9.942407846450806
1771994690.852247,Button.left,3.995494842529297
1771994693.8057597,Button.left,2.953512668609619
1771994695.2440891,Button.left,1.4383294582366943
1771994696.9869049,Button.left,1.7428157329559326
1771994697.6510506,Button.left,0.6641457080841064
1771994702.3693178,Button.left,4.718267202377319
1771994704.2283368,Button.left,1.8590190410614014
1771994706.9059381,Button.left,2.6776013374328613
1771994708.5509048,Button.left,1.6449666023254395
1771994710.2661421,Button.left,1.7152373790740967
1771994712.1332076,Button.left,1.8670654296875
1771994714.483943,Button.left,2.3507354259490967
1771994715.1623676,Button.left,0.678424596786499
1771994716.4426978,Button.left,1.2803301811218262
1771994716.9684193,Button.left,0.525721549987793
1771994730.1504934,Button.left,13.182074069976807
1771994751.2933824,Button.left,21.14288902282715
1771994756.2315543,Button.left,4.938171863555908
1771994758.9861999,Button.left,2.754645586013794
1771994760.709435,Button.left,1.7232351303100586
1771994761.836433,Button.left,1.126997947692871
1771994767.4878826,Button.left,5.651449680328369
1771994769.9389603,Button.left,2.451077699661255
1771994771.5544043,Button.left,1.6154439449310303
1771994773.6583226,Button.left,2.1039183139801025
1771994773.8633835,Button.left,0.2050609588623047
1771994776.486117,Button.left,2.6227333545684814
1771994782.828305,Button.left,6.342188119888306
1771994792.3840883,Button.left,9.55578327178955
1771994796.1816566,Button.left,3.7975683212280273
1771994799.1414514,Button.right,2.959794759750366
1771994800.715488,Button.left,1.5740365982055664
1771994815.178768,Button.left,14.463279962539673
1771994823.977637,Button.left,8.798869132995605
1771994824.4243748,Button.right,0.44673776626586914
1771994828.012488,Button.left,3.5881130695343018
1771994829.691941,Button.left,1.6794531345367432
1771994835.29084,Button.left,5.598898887634277
1771994835.5280697,Button.left,0.2372298240661621
1771994837.4594166,Button.left,1.9313468933105469
1771994838.2129302,Button.left,0.7535135746002197
1771994838.444368,Button.left,0.23143768310546875
1771994838.6302004,Button.left,0.18583250045776367
1771994839.9755206,Button.left,1.345320224761963
1771994860.4170237,Button.left,20.441503047943115
1771994885.6571586,Button.left,25.240134954452515
1771994885.89876,Button.left,0.24160146713256836
1771994887.4141579,Button.left,1.5153977870941162
1771994890.3090076,Button.left,2.8948497772216797
1771994890.5734105,Button.left,0.2644028663635254
1771994891.5950618,Button.left,1.021651268005371
1771994891.788787,Button.left,0.1937251091003418
1771994893.0450954,Button.left,1.2563085556030273
1771994902.5081506,Button.left,9.46305513381958
1771994903.9435103,Button.left,1.4353597164154053
1771994904.161764,Button.left,0.21825361251831055
1771994904.3216798,Button.left,0.15991592407226562
1771994905.9285197,Button.left,1.606839895248413
1771994946.4275277,Button.left,40.49900794029236
1771994952.5149074,Button.left,6.087379693984985
1771994956.6567287,Button.left,4.141821384429932
1771994960.1661248,Button.left,3.5093960762023926
1771994962.163946,Button.left,1.9978210926055908
1771994962.5622706,Button.right,0.39832472801208496
1771994964.3695588,Button.left,1.8072881698608398
1771994965.0262802,Button.left,0.6567213535308838
1771994966.5764196,Button.right,1.5501394271850586
1771994968.3839662,Button.left,1.807546615600586
1771994969.9611542,Button.left,1.5771880149841309
1771994972.463299,Button.left,2.5021448135375977
1771994972.6769078,Button.left,0.2136087417602539
1771994986.3235338,Button.left,13.646625995635986
1771995067.4676423,Button.left,81.14410853385925
1771995068.6662855,Button.left,1.1986432075500488
1771995071.5424466,Button.left,2.8761610984802246
1771995074.322326,Button.left,2.779879331588745
1771995076.7695713,Button.left,2.4472453594207764
1771995077.9317095,Button.left,1.1621382236480713
1771995089.0580556,Button.left,11.126346111297607
1771995089.9284856,Button.left,0.8704299926757812
1771995090.627949,Button.left,0.6994633674621582
1771995091.2983215,Button.left,0.670372486114502
1771995096.3744311,Button.left,5.0761096477508545
1771995102.2460253,Button.left,5.871594190597534
1771995104.2443185,Button.left,1.998293161392212
1771995105.3646052,Button.left,1.1202867031097412
1771995106.63637,Button.left,1.2717647552490234
1771995193.3807063,Button.left,86.74433636665344
1771995231.4858835,Button.left,38.10517716407776
1771995311.6104968,Button.left,80.1246132850647
1771995342.933869,Button.left,31.32337212562561
1771995350.354229,Button.left,7.420360088348389
1771995377.880021,Button.left,27.525792121887207
1771995382.8314724,Button.left,4.951451301574707
1771995383.48241,Button.left,0.650937557220459
1771995385.1759605,Button.left,1.6935505867004395
1771995386.6433303,Button.left,1.467369794845581
1771995392.8101244,Button.left,6.166794061660767
1771995404.696095,Button.left,11.88597059249878
1771995405.3466787,Button.left,0.6505837440490723
1771995406.4525497,Button.left,1.1058709621429443
1771995408.8107393,Button.left,2.358189582824707
1771995421.3745236,Button.left,12.56378436088562
1771995422.1002061,Button.left,0.7256824970245361
1771995425.90649,Button.left,3.806283950805664
1771995428.2165403,Button.left,2.3100502490997314
1771995429.5539246,Button.left,1.3373842239379883
1771995430.5700715,Button.left,1.0161468982696533
1771995436.0256631,Button.left,5.455591678619385
1771995438.2935724,Button.left,2.267909288406372
1771995439.3022866,Button.left,1.008714199066162
1771995440.9758894,Button.left,1.673602819442749
1771995442.1243064,Button.left,1.1484169960021973
1771995443.7349222,Button.left,1.6106157302856445
1771995445.5612397,Button.left,1.826317548751831
1771995449.6328716,Button.left,4.071631908416748
1771995525.0746899,Button.left,75.44181823730469
1771995537.5899055,Button.left,12.515215635299683
1771995545.6892807,Button.left,8.099375247955322
1771995546.768932,Button.left,1.0796513557434082
1771995547.7706358,Button.left,1.0017037391662598
1771995550.4966257,Button.left,2.725989818572998
1771995552.9776716,Button.left,2.481045961380005
1771995553.1434116,Button.left,0.1657400131225586
1771995554.7412508,Button.left,1.597839117050171
1771995557.7983918,Button.left,3.057141065597534
1771995561.5428243,Button.left,3.7444324493408203
1771995563.154564,Button.left,1.6117396354675293
1771995571.5652602,Button.left,8.410696268081665
1771995575.5573535,Button.left,3.992093324661255
1771995578.3804212,Button.left,2.8230676651000977
1771995589.6038465,Button.left,11.223425388336182
1771995594.1091547,Button.left,4.505308151245117
1771995594.9899805,Button.left,0.8808257579803467
1771995595.5493162,Button.left,0.5593357086181641
1771995602.0549295,Button.left,6.505613327026367
1771995603.5903122,Button.left,1.5353827476501465
1771995604.6762643,Button.left,1.0859520435333252
1771995612.308398,Button.left,7.632133722305298
1771995613.4725292,Button.left,1.1641311645507812
1771995645.5743222,Button.left,32.10179305076599
1771995649.012101,Button.left,3.4377787113189697
1771995649.828396,Button.left,0.8162951469421387
1771995650.5475733,Button.left,0.71917724609375
1771995651.5638666,Button.left,1.0162932872772217
1771995750.2146416,Button.left,98.65077495574951
1771995750.7399726,Button.left,0.5253310203552246
1771995752.9185905,Button.left,2.1786179542541504
1771995755.235779,Button.left,2.3171885013580322
1771995866.4208353,Button.left,111.18505620956421
1771995881.0734355,Button.left,14.652600288391113
1771995887.6361167,Button.left,6.562681198120117
1771995889.4409764,Button.left,1.8048596382141113
1771995894.6841578,Button.left,5.243181467056274
1771995901.8231544,Button.left,7.138996601104736
1771995906.606234,Button.left,4.783079624176025
1771995940.482885,Button.left,33.8766508102417
1771995978.014433,Button.left,37.53154802322388
1771996110.0423768,Button.left,132.0279438495636
1771996114.7931268,Button.left,4.7507500648498535
1771996119.898485,Button.left,5.105358123779297
1771996124.5706081,Button.left,4.672123193740845
1771996127.5442302,Button.left,2.9736220836639404
1771996130.3290665,Button.left,2.7848362922668457
1771996132.405112,Button.left,2.076045513153076
1771996141.7632973,Button.left,9.358185291290283
1771996152.0110495,Button.left,10.24775218963623
1771996153.865377,Button.left,1.8543274402618408
1771996156.47186,Button.left,2.606482982635498
1771996181.0390964,Button.left,24.56723642349243
1771996193.3619282,Button.left,12.322831869125366
1771996200.428969,Button.left,7.067040681838989
1771996213.1325173,Button.left,12.703548431396484
1771996216.6864274,Button.left,3.55391001701355
1771996241.5454922,Button.left,24.85906481742859
1771996252.9420574,Button.left,11.396565198898315
1771996257.11946,Button.left,4.17740273475647
1771996259.655596,Button.left,2.5361359119415283
1771996260.583351,Button.left,0.9277548789978027
1771996260.8124626,Button.left,0.2291116714477539
1771996260.9822786,Button.left,0.1698160171508789
1771996262.333192,Button.left,1.3509135246276855
1771996276.0309107,Button.left,13.697718620300293
1771996279.2973778,Button.left,3.2664670944213867
1771996284.5317202,Button.left,5.234342336654663
1771996287.20761,Button.left,2.675889730453491
1771996291.5906684,Button.left,4.383058547973633
1771996316.208594,Button.left,24.6179256439209
1771996316.4606657,Button.left,0.2520716190338135
1771996317.570142,Button.left,1.1094763278961182
1771996433.0773995,Button.left,115.50725746154785
1771996435.6324139,Button.left,2.5550143718719482
1771996444.6286447,Button.left,8.996230840682983
1771996458.0636396,Button.left,13.43499493598938
1771996459.735609,Button.left,1.6719694137573242
1771996465.2034683,Button.left,5.467859268188477
1771996465.9352174,Button.left,0.7317490577697754
1771996470.9721334,Button.left,5.036916017532349
1771996471.1529748,Button.left,0.18084144592285156
1771996480.6393788,Button.left,9.486403942108154
1771996481.725134,Button.left,1.0857551097869873
1771996482.250594,Button.left,0.5254600048065186
1771996486.4484706,Button.left,4.197876691818237
1771996497.851135,Button.left,11.402664422988892
1771996558.3883104,Button.left,60.53717541694641
1771996559.009331,Button.left,0.6210205554962158
1771996570.4216495,Button.left,11.412318468093872
1771996592.836492,Button.left,22.41484260559082
1771996597.0657737,Button.left,4.229281663894653
1771996599.10186,Button.left,2.036086320877075
1771996600.3028588,Button.left,1.2009987831115723
1771996601.2054994,Button.left,0.9026405811309814
1771996602.1053426,Button.left,0.8998432159423828
1771996603.7313423,Button.left,1.6259996891021729
1771996619.0535004,Button.left,15.322158098220825
1771996626.3859355,Button.left,7.332435131072998
1771996627.8318794,Button.left,1.445943832397461
1771996631.2426941,Button.left,3.4108147621154785
1771996631.9973347,Button.left,0.7546405792236328
1771996635.4701855,Button.left,3.472850799560547
1771996635.6434064,Button.left,0.17322087287902832
1771996639.5446339,Button.left,3.9012274742126465
1771996639.7424612,Button.left,0.19782733917236328
1771996642.497946,Button.left,2.7554848194122314
1771996647.9492137,Button.left,5.451267719268799
1771996650.5730166,Button.left,2.623802900314331
1771996654.2393265,Button.left,3.6663098335266113
1771996657.0814166,Button.left,2.842090129852295
1771996660.8469834,Button.left,3.765566825866699
1771996663.606325,Button.left,2.7593414783477783
1771996667.409697,Button.left,3.8033721446990967
1771996668.3153179,Button.left,0.905620813369751
1771996673.7809093,Button.left,5.4655914306640625
1771996675.8845906,Button.left,2.1036813259124756
1771996678.5978286,Button.left,2.713238000869751
1771996679.4837847,Button.left,0.8859560489654541
1771996683.2503023,Button.left,3.7665176391601562
1771996685.136214,Button.left,1.8859117031097412
1771996687.5493834,Button.left,2.4131693840026855
1771996692.895737,Button.left,5.346353530883789
1771996693.712321,Button.left,0.8165841102600098
1771996697.218009,Button.left,3.505687952041626
1771996697.986154,Button.left,0.7681450843811035
1771996699.8529897,Button.left,1.866835594177246
1771996701.245988,Button.left,1.392998218536377
1771996703.958103,Button.left,2.7121150493621826
1771996707.881032,Button.left,3.922929048538208
1771996742.3264089,Button.left,34.44537687301636
1771996754.5819051,Button.left,12.255496263504028
1771996756.0145087,Button.left,1.4326035976409912
1771996757.0372472,Button.left,1.0227384567260742
1771996767.8874195,Button.left,10.850172281265259
1771996769.7760453,Button.left,1.8886258602142334
1771996772.1880143,Button.left,2.411968946456909
1771996774.0505779,Button.left,1.8625636100769043
1771996774.893835,Button.right,0.8432571887969971
1771996775.917996,Button.left,1.0241608619689941
1771996776.6994312,Button.left,0.7814352512359619
1771996818.9739656,Button.left,42.274534463882446
1771996824.3030686,Button.left,5.329102993011475
1771996867.2555327,Button.left,42.95246410369873
1771996868.5779018,Button.left,1.32236909866333
1771996871.2686799,Button.left,2.6907780170440674
1771996873.206678,Button.left,1.9379980564117432
1771996874.5487478,Button.left,1.3420698642730713
1771996875.712308,Button.left,1.163560152053833
1771996877.0782351,Button.left,1.3659272193908691
1771996879.54017,Button.left,2.461934804916382
1771996881.0296898,Button.left,1.4895198345184326
1771996883.2591333,Button.left,2.2294435501098633
1771996884.532099,Button.left,1.272965669631958
1771996887.8350556,Button.left,3.3029565811157227
1771996894.3815405,Button.left,6.54648494720459
1771996898.7887244,Button.left,4.407183885574341
1771996916.8292031,Button.left,18.040478706359863
1771996919.3155634,Button.left,2.4863603115081787
1771996921.197719,Button.left,1.8821556568145752
1771996922.6581676,Button.left,1.4604485034942627
1771996922.927687,Button.left,0.2695193290710449
1771996926.6826913,Button.left,3.755004405975342
1771996929.7286496,Button.left,3.0459582805633545
1771996971.8429403,Button.left,42.114290714263916
1771996975.3143947,Button.left,3.471454381942749
1771996991.1539714,Button.left,15.839576721191406
1771997094.5978982,Button.left,103.44392681121826
1771997110.7379515,Button.left,16.140053272247314
1771997121.1065693,Button.left,10.36861777305603
1771997127.5189884,Button.left,6.412419080734253
1771997129.4565394,Button.left,1.9375510215759277
1771997139.622252,Button.left,10.165712594985962
1771997151.710944,Button.left,12.08869194984436
1771997153.2204428,Button.left,1.5094988346099854
1771997155.4046884,Button.left,2.1842455863952637
1771997158.9805212,Button.left,3.5758328437805176
1771997162.6588085,Button.left,3.6782872676849365
1771997164.0486062,Button.left,1.3897976875305176
1771997167.6030743,Button.left,3.5544681549072266
1771997169.1863856,Button.left,1.5833113193511963
1771997224.1189623,Button.left,54.93257665634155
1771997345.1628327,Button.left,121.04387044906616
1772035213.9595935,Button.right,37868.7967607975
1772035229.5406697,Button.left,15.58107614517212
1772035233.2480237,Button.left,3.7073540687561035
1772035261.830545,Button.left,28.582521200180054
1772035402.0182319,Button.left,140.18768692016602
1772035403.381444,Button.left,1.3632121086120605
1772035405.15105,Button.left,1.769606113433838
1772035409.8397346,Button.left,4.688684463500977
1772035411.2369394,Button.left,1.397204875946045
1772035416.6866066,Button.left,5.44966721534729
1772035419.6329703,Button.left,2.946363687515259
1772035421.0731719,Button.left,1.4402015209197998
1772035423.8035357,Button.left,2.7303638458251953
1772035428.3059006,Button.left,4.502364873886108
1772035430.7776048,Button.left,2.4717042446136475
1772035433.6487803,Button.left,2.871175527572632
1772035435.9842987,Button.left,2.3355183601379395
1772035437.4711413,Button.left,1.4868426322937012
1772035438.8413358,Button.left,1.370194435119629
1772035443.8958879,Button.left,5.05455207824707
1772035451.836954,Button.left,7.941066265106201
1772035454.879122,Button.left,3.042167901992798
1772035456.4493191,Button.left,1.5701971054077148
1772035458.185941,Button.left,1.7366218566894531
1772035459.887508,Button.left,1.7015669345855713
1772035461.1602902,Button.left,1.272782325744629
1772035462.8127012,Button.left,1.6524109840393066
1772035556.5116386,Button.left,93.69893741607666
1772035559.3743832,Button.left,2.8627445697784424
1772035560.3416893,Button.left,0.9673061370849609
1772035563.0138624,Button.left,2.672173023223877
1772035563.601717,Button.left,0.5878546237945557
1772035564.10672,Button.left,0.5050029754638672
1772035565.0949652,Button.left,0.9882452487945557
1772035566.658875,Button.left,1.5639097690582275
1772035567.2614906,Button.left,0.6026155948638916
1772035568.1698904,Button.left,0.9083998203277588
1772035568.9225883,Button.left,0.7526979446411133
1772035580.667153,Button.left,11.744564533233643
1772035581.6645923,Button.left,0.9974393844604492
1772035606.5408142,Button.left,24.876221895217896
1772035610.2855816,Button.left,3.744767427444458
1772035610.8049512,Button.left,0.5193696022033691
1772035611.741707,Button.left,0.936755895614624
1772035618.894317,Button.left,7.152609825134277
1772035620.6231844,Button.left,1.728867530822754
1772035622.628442,Button.left,2.0052576065063477
1772035623.7909744,Button.left,1.1625323295593262
1772035625.1391385,Button.left,1.3481640815734863
1772035629.3717785,Button.left,4.232640027999878
1772035630.2515342,Button.left,0.8797557353973389
1772035630.9866908,Button.left,0.7351565361022949
1772035632.855946,Button.left,1.8692553043365479
1772035636.7389553,Button.left,3.883009195327759
1772035642.9560056,Button.left,6.217050313949585
1772035651.0321822,Button.left,8.076176643371582
1772035667.6138637,Button.left,16.581681489944458
1772035671.7518773,Button.left,4.138013601303101
1772035673.0871062,Button.left,1.3352289199829102
1772035674.0630908,Button.left,0.9759845733642578
1772035675.1019845,Button.left,1.038893699645996
1772035678.0644748,Button.left,2.9624903202056885
1772035681.1773407,Button.left,3.112865924835205
1772035681.9772475,Button.left,0.7999067306518555
1772035684.945889,Button.left,2.968641519546509
1772035687.7967918,Button.left,2.850902795791626
1772035693.0506806,Button.left,5.253888845443726
1772035693.6744738,Button.left,0.6237931251525879
1772035694.5504487,Button.left,0.8759748935699463
1772035700.6161623,Button.left,6.06571364402771
1772035701.9023101,Button.left,1.2861478328704834
1772035702.089244,Button.left,0.1869337558746338
1772035704.282529,Button.left,2.1932852268218994
1772035705.5341527,Button.left,1.2516236305236816
1772035705.7562664,Button.left,0.22211360931396484
1772035714.995003,Button.left,9.238736629486084
1772035717.8579037,Button.left,2.862900733947754
1772035719.0971029,Button.left,1.239199161529541
1772035722.3491085,Button.left,3.2520055770874023
1772035723.5085866,Button.left,1.1594781875610352
1772035729.7194862,Button.left,6.210899591445923
1772035733.9448493,Button.left,4.22536301612854
1772035748.8011851,Button.left,14.856335878372192
1772035749.283786,Button.left,0.4826009273529053
1772035750.0536397,Button.left,0.7698535919189453
1772035751.4929216,Button.left,1.439281940460205
1772035767.4752085,Button.left,15.982286930084229
1772035804.0041368,Button.left,36.52892827987671
1772035810.2165258,Button.left,6.21238899230957
1772035815.767737,Button.left,5.55121111869812
1772035826.050587,Button.left,10.28285002708435
1772035826.2714663,Button.left,0.22087931632995605
1772035826.6407156,Button.left,0.3692493438720703
1772035841.127957,Button.left,14.487241506576538
1772035841.3510916,Button.left,0.22313451766967773
1772035841.5498734,Button.left,0.19878172874450684
1772035843.8075614,Button.left,2.257688045501709
1772035843.9939725,Button.left,0.18641114234924316
1772035844.327149,Button.left,0.3331763744354248
1772035848.186963,Button.left,3.859814167022705
1772035850.4916184,Button.left,2.3046553134918213
1772035850.844723,Button.left,0.3531045913696289
1772035851.410968,Button.right,0.5662450790405273
1772035853.4052339,Button.left,1.9942657947540283
1772035855.4147382,Button.left,2.0095043182373047
1772035860.3550806,Button.left,4.940342426300049
1772035861.33791,Button.left,0.9828293323516846
1772035861.7811265,Button.left,0.44321656227111816
1772035862.3479466,Button.left,0.5668201446533203
1772035864.064676,Button.left,1.7167294025421143
1772035877.8298938,Button.left,13.765217781066895
1772035878.5495434,Button.left,0.7196495532989502
1772035879.9882872,Button.right,1.4387438297271729
1772035881.4152555,Button.left,1.4269683361053467
1772035884.789398,Button.left,3.3741424083709717
1772035884.9747176,Button.left,0.1853196620941162
1772035923.5515137,Button.left,38.57679605484009
1772035925.8169763,Button.left,2.265462636947632
1772035928.4189582,Button.left,2.6019818782806396
1772035953.3656907,Button.left,24.94673252105713
1772035958.6187239,Button.left,5.25303316116333
1772035960.2302547,Button.left,1.6115307807922363
1772035961.072445,Button.left,0.8421902656555176
1772035961.6048005,Button.left,0.532355546951294
1772035963.0717049,Button.left,1.4669044017791748
1772035965.1054523,Button.left,2.033747434616089
1772035965.8573935,Button.left,0.7519412040710449
1772035969.9611378,Button.left,4.103744268417358
1772035971.002144,Button.left,1.041006326675415
1772035972.4409478,Button.left,1.4388036727905273
1772035974.8191164,Button.left,2.3781685829162598
1772035976.155915,Button.left,1.3367986679077148
1772035979.7789223,Button.left,3.623007297515869
1772035980.8181133,Button.left,1.0391910076141357
1772035981.3077629,Button.left,0.48964953422546387
1772036013.5598083,Button.left,32.25204539299011
1772036016.5444815,Button.left,2.984673261642456
1772036019.8386781,Button.left,3.294196605682373
1772036021.5321186,Button.left,1.6934404373168945
1772036022.6796076,Button.left,1.147489070892334
1772036023.5540469,Button.left,0.8744392395019531
1772036027.6619003,Button.left,4.107853412628174
1772036030.3200178,Button.left,2.6581175327301025
1772036031.5480192,Button.left,1.228001356124878
1772036032.6766617,Button.left,1.1286425590515137
1772036033.167862,Button.left,0.49120020866394043
1772036034.5369499,Button.left,1.3690879344940186
1772036037.1448648,Button.left,2.607914924621582
1772036038.0569005,Button.left,0.9120357036590576
1772036042.0676544,Button.left,4.010753870010376
1772036051.9962919,Button.left,9.928637504577637
1772036053.3033047,Button.left,1.3070127964019775
1772036054.3537953,Button.left,1.0504906177520752
1772036055.3159726,Button.left,0.9621772766113281
1772036055.8685603,Button.left,0.5525877475738525
1772036065.3677824,Button.left,9.499222040176392
1772036067.6358178,Button.right,2.268035411834717
1772036069.967295,Button.left,2.331477165222168
1772036072.147195,Button.left,2.1799001693725586
1772036079.4596462,Button.left,7.312451124191284
1772036083.7690122,Button.left,4.30936598777771
1772036084.5090108,Button.left,0.7399985790252686
1772036087.0187023,Button.left,2.5096914768218994
1772036093.0172067,Button.left,5.998504400253296
1772036098.5237172,Button.left,5.506510496139526
1772036100.3532026,Button.left,1.8294854164123535
1772036101.3976295,Button.left,1.0444269180297852
1772036104.3837097,Button.left,2.9860801696777344
1772036118.2976499,Button.left,13.913940191268921
1772036121.5650492,Button.left,3.267399311065674
1772036196.6448512,Button.left,75.0798020362854
1772036198.1394155,Button.left,1.4945642948150635
1772036211.6259406,Button.left,13.486525058746338
1772036218.1060317,Button.left,6.480091094970703
1772036218.7631397,Button.left,0.6571080684661865
1772036221.9312024,Button.left,3.168062686920166
1772036227.8430433,Button.left,5.911840915679932
1772036228.0855734,Button.left,0.24253010749816895
1772036231.0403388,Button.left,2.9547653198242188
1772036234.0469782,Button.left,3.0066394805908203
1772036236.0026076,Button.left,1.9556293487548828
1772036238.2438078,Button.left,2.2412002086639404
1772036245.2415125,Button.left,6.997704744338989
1772036245.4750147,Button.left,0.23350214958190918
1772036245.675797,Button.left,0.20078229904174805
1772036245.8630576,Button.left,0.18726062774658203
1772036246.3134823,Button.left,0.4504246711730957
1772036248.3181772,Button.left,2.004694938659668
1772036249.5154436,Button.left,1.1972663402557373
1772036265.740806,Button.left,16.225362539291382
1772036267.5205765,Button.left,1.7797703742980957
1772036268.9998395,Button.left,1.4792630672454834
1772036271.4651356,Button.left,2.4652960300445557
1772036277.8165596,Button.left,6.351423978805542
1772036279.5311153,Button.left,1.7145557403564453
1772036280.7998421,Button.left,1.2687268257141113
1772036282.4790761,Button.left,1.6792340278625488
1772036283.4086008,Button.left,0.9295246601104736
1772036284.6207342,Button.left,1.2121334075927734
1772036285.268096,Button.left,0.6473617553710938
1772036290.4154747,Button.left,5.14737868309021
1772036290.6472654,Button.left,0.23179078102111816
1772036292.0834782,Button.left,1.4362127780914307
1772036292.5164337,Button.left,0.4329555034637451
1772036293.5198905,Button.left,1.0034568309783936
1772036294.5702677,Button.left,1.0503771305084229
1772036296.4514267,Button.left,1.8811590671539307
1772036298.3485987,Button.left,1.897171974182129
1772036299.6766386,Button.left,1.3280398845672607
1772036302.8964357,Button.left,3.219797134399414
1772036303.745434,Button.left,0.8489983081817627
1772036304.8725853,Button.left,1.1271512508392334
1772036305.5432494,Button.left,0.6706640720367432
1772036308.4976938,Button.left,2.954444408416748
1772036309.2437038,Button.left,0.7460100650787354
1772036311.790957,Button.left,2.547253131866455
1772036314.8406413,Button.left,3.0496842861175537
1772036315.9866729,Button.left,1.1460316181182861
1772036317.5240436,Button.left,1.5373706817626953
1772036328.6386158,Button.left,11.114572286605835
1772036338.8409395,Button.left,10.20232367515564
1772036340.004275,Button.left,1.1633355617523193
1772036341.1409051,Button.left,1.1366300582885742
1772036346.9853578,Button.left,5.844452619552612
1772036347.9404519,Button.left,0.9550940990447998
1772036354.3775365,Button.left,6.437084674835205
1772036357.667746,Button.left,3.2902095317840576
1772036358.7533276,Button.left,1.0855815410614014
1772036410.268601,Button.left,51.515273332595825
1772036435.9913893,Button.left,25.722788333892822
1772036438.5157707,Button.left,2.524381399154663
1772036443.467063,Button.left,4.951292276382446
1772036456.7089531,Button.left,13.24189019203186
1772036460.0535767,Button.left,3.344623565673828
1772036467.8554292,Button.left,7.801852464675903
1772036476.440759,Button.left,8.58532977104187
1772036478.5991888,Button.left,2.1584298610687256
1772036481.4302425,Button.left,2.8310537338256836
1772036483.9785085,Button.left,2.5482659339904785
1772036486.9044404,Button.left,2.925931930541992
1772036487.5821517,Button.left,0.6777112483978271
1772036502.3330753,Button.left,14.75092363357544
1772036503.5639453,Button.left,1.230870008468628
1772036505.1340387,Button.left,1.5700933933258057
1772036513.9607494,Button.left,8.82671070098877
1772036514.2158153,Button.left,0.25506591796875
1772036514.45787,Button.left,0.24205470085144043
1772036514.8949683,Button.left,0.43709826469421387
1772036516.2079952,Button.left,1.3130269050598145
1772036518.4560218,Button.left,2.2480266094207764
1772036520.4754298,Button.left,2.0194079875946045
1772036523.6929097,Button.left,3.217479944229126
1772036527.0069783,Button.left,3.314068555831909
1772036527.7549853,Button.left,0.74800705909729
1772036529.3042274,Button.left,1.5492420196533203
1772036533.62096,Button.left,4.31673264503479
1772036536.259428,Button.right,2.638468027114868
1772036540.3190067,Button.left,4.0595786571502686
1772036544.3505998,Button.left,4.031593084335327
1772036544.57915,Button.left,0.22855019569396973
1772036546.371987,Button.left,1.792837142944336
1772036550.126741,Button.left,3.754753828048706
1772036554.7152605,Button.left,4.58851957321167
1772036555.5913806,Button.left,0.8761200904846191
1772036557.5212274,Button.left,1.9298467636108398
1772036562.0527322,Button.left,4.53150486946106
1772036565.8717806,Button.left,3.8190484046936035
1772036567.821422,Button.left,1.949641466140747
1772036570.1470234,Button.left,2.32560133934021
1772036575.164052,Button.left,5.017028570175171
1772036576.4858067,Button.left,1.3217546939849854
1772036577.2698,Button.left,0.7839932441711426
1772036578.7359552,Button.left,1.4661552906036377
1772036579.5382483,Button.left,0.802293062210083
1772036579.753233,Button.left,0.21498465538024902
1772036580.6544223,Button.left,0.9011893272399902
1772036581.1968062,Button.left,0.5423839092254639
1772036583.6971896,Button.left,2.5003833770751953
1772036585.1929538,Button.left,1.4957642555236816
1772036587.6618328,Button.left,2.468878984451294
1772036598.1963344,Button.left,10.534501552581787
1772036598.441083,Button.left,0.24474859237670898
1772036598.633469,Button.left,0.19238615036010742
1772036599.925331,Button.left,1.2918620109558105
1772036601.6844113,Button.left,1.759080171585083
1772036603.289508,Button.left,1.6050968170166016
1772036604.1673517,Button.left,0.8778436183929443
1772036604.742681,Button.left,0.5753293037414551
1772036606.2293456,Button.left,1.4866645336151123
1772036606.6734364,Button.left,0.4440908432006836
1772036610.9870281,Button.left,4.313591718673706
1772036612.4468582,Button.left,1.4598300457000732
1772036617.4927368,Button.left,5.045878648757935
1772036618.6276944,Button.left,1.1349575519561768
1772036620.6753135,Button.left,2.047619104385376
1772036623.3309288,Button.left,2.6556153297424316
1772036624.807133,Button.left,1.4762041568756104
1772036627.6300223,Button.left,2.8228893280029297
1772036630.2726023,Button.left,2.642580032348633
1772036631.5300531,Button.left,1.257450819015503
1772036633.0456913,Button.left,1.5156381130218506
1772036642.32775,Button.left,9.282058715820312
1772036644.9619675,Button.left,2.6342175006866455
1772036647.5092485,Button.left,2.54728102684021
1772036651.3750346,Button.left,3.865786075592041
1772036654.7498627,Button.left,3.3748281002044678
1772036666.3066533,Button.left,11.556790590286255
1772036670.8859158,Button.left,4.5792624950408936
1772036674.5640779,Button.left,3.678162097930908
1772036684.7778757,Button.left,10.213797807693481
1772036685.9467804,Button.left,1.1689047813415527
1772036688.395394,Button.left,2.4486136436462402
1772036689.4816904,Button.left,1.0862963199615479
1772036697.836892,Button.left,8.355201482772827
1772036701.5366693,Button.left,3.699777364730835
1772036703.0808702,Button.left,1.5442008972167969
1772036741.7120855,Button.left,38.6312153339386
1772036746.1042776,Button.left,4.392192125320435
1772036746.3467293,Button.left,0.24245166778564453
1772036746.5103223,Button.left,0.16359305381774902
1772036754.4394271,Button.left,7.929104804992676
1772036762.74281,Button.left,8.303382873535156
1772036762.9901328,Button.left,0.24732279777526855
1772036767.0434642,Button.left,4.05333137512207
1772036767.527045,Button.left,0.4835808277130127
1772036776.8396368,Button.left,9.312591791152954
1772036777.6909254,Button.left,0.8512885570526123
1772036781.2912958,Button.left,3.600370407104492
1772036782.750942,Button.left,1.459646224975586
1772036792.3981504,Button.left,9.647208452224731
1772036793.1248744,Button.left,0.7267239093780518
1772036795.4975653,Button.left,2.3726909160614014
1772036798.4220686,Button.left,2.9245033264160156
1772036799.018549,Button.left,0.5964803695678711
1772036799.9806976,Button.left,0.9621486663818359
1772036801.287995,Button.left,1.3072974681854248
1772036803.0511904,Button.left,1.763195276260376
1772036803.6672373,Button.left,0.6160469055175781
1772036805.0990605,Button.left,1.4318232536315918
1772036806.9518945,Button.left,1.8528339862823486
1772036814.13086,Button.left,7.1789655685424805
1772036815.8735096,Button.left,1.7426495552062988
1772036819.8919628,Button.left,4.018453121185303
1772036821.3234036,Button.left,1.431440830230713
1772036822.3222568,Button.left,0.9988532066345215
1772036823.88103,Button.left,1.5587732791900635
1772036825.4718447,Button.left,1.5908145904541016
1772036826.5913966,Button.left,1.1195518970489502
1772036827.6009626,Button.left,1.009566068649292
1772036844.911371,Button.left,17.310408353805542
1772036848.913615,Button.left,4.002243995666504
1772036850.3231344,Button.left,1.4095194339752197
1772036933.4955213,Button.left,83.17238688468933
1772036937.0419283,Button.left,3.5464069843292236
1772036952.5269883,Button.left,15.485059976577759
1772036962.655367,Button.left,10.128378629684448
1772036962.9062076,Button.left,0.2508406639099121
1772036963.1388721,Button.left,0.2326645851135254
1772036963.429691,Button.left,0.2908189296722412
1772036963.6319964,Button.left,0.20230531692504883
1772036965.2275412,Button.left,1.5955448150634766
1772036966.354101,Button.left,1.1265597343444824
1772036967.4545183,Button.left,1.1004173755645752
1772036968.8106997,Button.left,1.3561813831329346
1772036969.627191,Button.left,0.8164913654327393
1772036979.8216674,Button.left,10.19447636604309
1772036980.4782026,Button.left,0.6565351486206055
1772036981.8689833,Button.left,1.3907806873321533
1772036983.9655485,Button.left,2.0965652465820312
1772036984.8158405,Button.left,0.8502919673919678
1772036993.5312734,Button.left,8.71543288230896
1772036997.623752,Button.left,4.0924787521362305
1772036999.0616016,Button.left,1.437849521636963
1772037004.153844,Button.left,5.092242479324341
1772037006.286733,Button.left,2.1328887939453125
1772037036.72836,Button.left,30.441627025604248
1772037040.3328137,Button.left,3.6044538021087646
1772037040.6504812,Button.left,0.31766748428344727
1772037041.5498214,Button.left,0.8993401527404785
1772037042.6424608,Button.left,1.092639446258545
1772037042.8645153,Button.left,0.22205448150634766
1772037043.590646,Button.left,0.7261307239532471
1772037044.3805783,Button.left,0.7899322509765625
1772037044.825244,Button.left,0.44466567039489746
1772037047.8763077,Button.left,3.0510637760162354
1772037049.74549,Button.left,1.8691823482513428
1772037050.5144663,Button.left,0.7689762115478516
1772037053.0742393,Button.left,2.5597729682922363
1772037053.9994466,Button.left,0.9252073764801025
1772037055.2846298,Button.left,1.2851831912994385
1772037058.5095184,Button.left,3.224888563156128
1772037089.9195557,Button.left,31.41003727912903
1772037090.4794934,Button.left,0.5599377155303955
1772037091.3241034,Button.left,0.8446099758148193
1772037092.2502627,Button.left,0.9261593818664551
1772037096.2224815,Button.left,3.9722187519073486
1772037097.3577712,Button.left,1.1352896690368652
1772037108.3677292,Button.left,11.009958028793335
1772037111.7920296,Button.left,3.4243004322052
1772037116.330341,Button.left,4.53831148147583
1772037124.6547287,Button.left,8.324387550354004
1772037131.459908,Button.left,6.8051793575286865
1772037147.513179,Button.left,16.053271055221558
1772037149.7471242,Button.left,2.23394513130188
1772037150.804351,Button.left,1.0572268962860107
1772037152.6927216,Button.left,1.8883705139160156
1772037156.7167583,Button.left,4.024036645889282
1772037157.319324,Button.left,0.6025657653808594
1772037179.2810395,Button.left,21.96171545982361
1772037195.9968889,Button.left,16.71584939956665
1772037199.076397,Button.left,3.079508066177368
1772037218.0583122,Button.left,18.98191523551941
1772037218.2589679,Button.left,0.20065569877624512
1772037220.686496,Button.left,2.427528142929077
1772037221.8414218,Button.left,1.15492582321167
1772037222.02773,Button.left,0.1863081455230713
1772037225.637846,Button.left,3.6101160049438477
1772037226.8202446,Button.left,1.1823985576629639
1772037227.0396538,Button.left,0.21940922737121582
1772037227.6919332,Button.left,0.6522793769836426
1772037227.9109046,Button.left,0.21897149085998535
1772037228.3553333,Button.left,0.4444286823272705
1772037228.5836291,Button.left,0.22829580307006836
1772037229.1367564,Button.left,0.5531272888183594
1772037229.4926467,Button.left,0.35589027404785156
1772037229.856335,Button.left,0.36368823051452637
1772037230.0941944,Button.left,0.23785948753356934
1772037230.588577,Button.left,0.4943826198577881
1772037230.8215163,Button.left,0.2329392433166504
1772037231.3010201,Button.left,0.479503870010376
1772037232.8101916,Button.left,1.509171485900879
1772037236.8906364,Button.left,4.080444812774658
1772037237.1532173,Button.left,0.26258087158203125
1772037237.5678728,Button.left,0.4146554470062256
1772037238.9302456,Button.left,1.362372875213623
1772037242.477094,Button.left,3.5468482971191406
1772037243.3628042,Button.left,0.8857102394104004
1772037244.4622352,Button.left,1.099431037902832
1772037245.8180404,Button.left,1.3558051586151123
1772037246.038846,Button.left,0.22080564498901367
1772037250.2093327,Button.left,4.170486688613892
1772037253.2247462,Button.left,3.015413522720337
1772037256.7578452,Button.left,3.5330989360809326
1772037257.815716,Button.left,1.057870864868164
1772037258.057953,Button.left,0.24223685264587402
1772037260.6736495,Button.left,2.615696668624878
1772037260.9632685,Button.left,0.28961896896362305
1772037261.5868216,Button.left,0.6235530376434326
1772037262.8529062,Button.left,1.2660846710205078
1772037263.9447634,Button.left,1.0918571949005127
1772037264.8478765,Button.left,0.9031131267547607
1772037269.349283,Button.left,4.50140643119812
1772037270.1639538,Button.left,0.8146708011627197
1772037270.8978348,Button.left,0.7338809967041016
1772037271.7896667,Button.left,0.8918318748474121
1772037273.367388,Button.left,1.577721357345581
1772037275.6228714,Button.left,2.255483388900757
1772037276.93464,Button.left,1.3117685317993164
1772037277.1350968,Button.left,0.20045685768127441
1772037279.7557611,Button.left,2.620664358139038
1772037280.9175613,Button.left,1.1618001461029053
1772037282.0934515,Button.left,1.1758902072906494
1772037282.295577,Button.left,0.20212554931640625
1772037284.949293,Button.left,2.6537158489227295
1772037286.477725,Button.left,1.5284321308135986
1772037287.189764,Button.left,0.7120389938354492
1772037291.394688,Button.left,4.204923868179321
1772037292.902677,Button.left,1.5079891681671143
1772037294.2097473,Button.left,1.307070255279541
1772037294.7551963,Button.left,0.5454490184783936
1772037295.868921,Button.left,1.113724708557129
1772037296.2696674,Button.left,0.40074634552001953
1772037298.6217911,Button.left,2.352123737335205
1772037301.1653595,Button.left,2.5435683727264404
1772037302.023712,Button.left,0.8583524227142334
1772037303.3720443,Button.left,1.348332405090332
1772037304.0779235,Button.left,0.7058792114257812
1772037305.1455278,Button.left,1.0676043033599854
1772037310.9208517,Button.left,5.775323867797852
1772037314.5800686,Button.left,3.65921688079834
1772037316.4594238,Button.left,1.8793551921844482
1772037318.285402,Button.left,1.8259782791137695
1772037320.1185453,Button.left,1.8331432342529297
1772037321.9366214,Button.left,1.8180761337280273
1772037322.1481304,Button.left,0.21150898933410645
1772037322.31482,Button.left,0.16668963432312012
1772037325.0146644,Button.left,2.6998443603515625
1772037325.9410079,Button.left,0.9263434410095215
1772037327.0050921,Button.left,1.0640842914581299
1772037328.0151749,Button.left,1.010082721710205
1772037329.4744923,Button.left,1.4593174457550049
1772037331.3697045,Button.left,1.895212173461914
1772037331.563491,Button.left,0.19378662109375
1772037333.2786486,Button.left,1.7151575088500977
1772037334.3180327,Button.left,1.039384126663208
1772037335.749103,Button.left,1.431070327758789
1772037337.3266463,Button.left,1.5775432586669922
1772037337.5406346,Button.left,0.2139883041381836
1772037339.1051483,Button.left,1.5645136833190918
1772037339.8527591,Button.left,0.7476108074188232
1772037341.9124982,Button.left,2.059739112854004
1772037344.471008,Button.left,2.5585098266601562
1772037344.6716685,Button.left,0.20066046714782715
1772037346.3329923,Button.left,1.6613237857818604
1772037347.2954419,Button.left,0.9624495506286621
1772037348.421946,Button.left,1.1265041828155518
1772037349.5849109,Button.left,1.1629648208618164
1772037349.7848716,Button.left,0.19996070861816406
1772037351.4376757,Button.left,1.6528041362762451
1772037352.3515255,Button.left,0.9138498306274414
1772037356.4933448,Button.left,4.14181923866272
1772037357.973836,Button.left,1.4804911613464355
1772037361.3693795,Button.left,3.3955435752868652
1772037364.0674655,Button.left,2.6980860233306885
1772037366.662003,Button.left,2.5945374965667725
1772037370.668133,Button.left,4.00612998008728
1772037372.59763,Button.left,1.9294970035552979
1772037374.5680418,Button.left,1.970411777496338
1772037374.8306766,Button.left,0.2626347541809082
1772037376.553195,Button.left,1.7225184440612793
1772037377.2231598,Button.left,0.6699647903442383
1772037377.9157336,Button.left,0.6925737857818604
1772037378.5852594,Button.left,0.6695258617401123
1772037381.0152392,Button.left,2.4299798011779785
1772037385.0125089,Button.left,3.997269630432129
1772037390.1239324,Button.left,5.111423492431641
1772037390.386389,Button.left,0.26245665550231934
1772037392.040134,Button.left,1.6537449359893799
1772037394.3082402,Button.left,2.26810622215271
1772037396.0451627,Button.left,1.7369225025177002
1772037397.4763625,Button.left,1.4311997890472412
1772037397.714562,Button.left,0.23819947242736816
1772037399.0115952,Button.left,1.2970333099365234
1772037400.0499876,Button.left,1.0383923053741455
1772037400.5756774,Button.left,0.5256898403167725
1772037400.8391745,Button.left,0.26349711418151855
1772037401.0866642,Button.left,0.24748969078063965
1772037404.9863465,Button.left,3.8996822834014893
1772037405.5968053,Button.left,0.6104588508605957
1772037406.4267812,Button.left,0.8299758434295654
1772037407.2697606,Button.left,0.8429794311523438
1772037409.2817068,Button.left,2.011946201324463
1772037410.1942663,Button.left,0.9125595092773438
1772037410.4088366,Button.left,0.2145702838897705
1772037414.6894777,Button.left,4.280641078948975
1772037416.6707988,Button.left,1.981321096420288
1772037417.5140858,Button.left,0.8432869911193848
1772037417.7286026,Button.left,0.21451687812805176
1772037419.548968,Button.left,1.8203654289245605
1772037422.6965442,Button.left,3.147576093673706
1772037423.8049922,Button.left,1.1084480285644531
1772037424.019516,Button.left,0.2145237922668457
1772037425.7353346,Button.left,1.7158186435699463
1772037426.7240386,Button.left,0.9887039661407471
1772037428.6326346,Button.left,1.9085960388183594
1772037429.6228945,Button.left,0.9902598857879639
1772037429.8223696,Button.left,0.19947504997253418
1772037433.2526982,Button.left,3.430328607559204
1772037434.8162477,Button.left,1.563549518585205
1772037438.2263727,Button.left,3.4101250171661377
1772037439.8867083,Button.left,1.6603355407714844
1772037440.0736668,Button.left,0.18695855140686035
1772037441.7187436,Button.left,1.6450767517089844
1772037443.664316,Button.left,1.9455723762512207
1772037445.400629,Button.left,1.7363131046295166
1772037445.6502438,Button.left,0.24961471557617188
1772037448.8305967,Button.left,3.1803529262542725
1772037452.6268346,Button.left,3.7962379455566406
1772037453.574688,Button.left,0.9478533267974854
1772037454.2256994,Button.left,0.6510114669799805
1772037455.1175988,Button.left,0.8918993473052979
1772037455.8844597,Button.left,0.7668609619140625
1772037457.3861215,Button.left,1.501661777496338
1772037458.665722,Button.left,1.2796003818511963
1772037459.5929065,Button.left,0.9271845817565918
1772037462.2690017,Button.left,2.6760952472686768
1772037464.0671937,Button.left,1.798192024230957
1772037465.5412037,Button.left,1.4740099906921387
1772037466.2382088,Button.left,0.697005033493042
1772037466.7562833,Button.left,0.5180745124816895
1772037466.9366603,Button.left,0.18037700653076172
1772037467.8303387,Button.left,0.8936784267425537
1772037468.0519068,Button.left,0.22156810760498047
1772037469.6495552,Button.left,1.5976483821868896
1772037470.7972364,Button.left,1.1476812362670898
1772037471.8295624,Button.left,1.0323259830474854
1772037473.129727,Button.left,1.3001644611358643
1772037473.3716877,Button.left,0.24196076393127441
1772037475.1081316,Button.left,1.7364439964294434
1772037480.1298149,Button.left,5.021683216094971
1772037484.6597695,Button.left,4.529954671859741
1772037484.8827474,Button.left,0.222977876663208
1772037486.920943,Button.left,2.0381956100463867
1772037516.9737642,Button.left,30.052821159362793
1772037519.3193681,Button.left,2.3456039428710938
1772037527.4394794,Button.left,8.120111227035522
1772037528.406803,Button.left,0.9673235416412354
1772037532.2451322,Button.left,3.838329315185547
1772037535.7015066,Button.left,3.456374406814575
1772038254.5810995,Button.left,718.8795928955078
1772038321.8339472,Button.left,67.25284767150879
1772038323.2173386,Button.left,1.3833913803100586
1772038327.638624,Button.left,4.421285390853882
1772038331.793439,Button.right,4.154814958572388
1772038335.6089313,Button.left,3.8154923915863037
1772038337.9464412,Button.left,2.337509870529175
1772038347.0968666,Button.left,9.150425434112549
1772038348.3766234,Button.left,1.279756784439087
1772038349.2485619,Button.left,0.8719384670257568
1772038351.1363654,Button.left,1.887803554534912
1772038375.3378148,Button.left,0
1772038391.9232733,Button.left,0
1772078219.4610343,Button.left,0
1772078424.5022862,Button.left,205.0412518978119
1772078480.957772,Button.left,56.455485820770264
1772078489.056237,Button.left,8.098464965820312
1772079661.7507424,Button.left,0
1772079743.990561,Button.left,82.23981857299805
1772079758.6559281,Button.left,14.665367126464844
1772079765.368373,Button.left,6.71244478225708
1772079766.5225523,Button.left,1.154179334640503
1772079767.1807284,Button.left,0.6581761837005615
1772079770.8743732,Button.left,3.6936447620391846
1772079803.7726717,Button.left,32.898298501968384
1772079846.4690995,Button.left,0
1772079847.307253,Button.left,0.8381533622741699
1772079848.0879893,Button.left,0.7807364463806152
1772079864.6500218,Button.left,16.562032461166382
1772079891.7679608,Button.left,27.117938995361328
1772079895.9792151,Button.left,4.211254358291626
1772079896.3187447,Button.left,0.33952951431274414
1772079897.088492,Button.left,0.769747257232666
1772079899.4296958,Button.left,2.3412039279937744
1772079904.4801908,Button.left,5.050494909286499
1772079926.472385,Button.left,21.992194175720215
1772079938.075913,Button.left,11.603528022766113
1772079939.8104105,Button.left,1.7344975471496582
1772080154.3444653,Button.left,0
1772080158.3635237,Button.left,4.019058465957642
1772080178.034243,Button.left,19.670719385147095
1772080229.7466402,Button.left,51.71239709854126
1772080239.3006446,Button.left,9.554004430770874
1772080244.3430514,Button.left,5.042406797409058
1772080248.2167084,Button.left,3.873656988143921
1772080249.1701527,Button.left,0.953444242477417
1772080250.4456701,Button.left,1.275517463684082
1772080253.653892,Button.left,3.208221912384033
1772080255.0556865,Button.left,1.40179443359375
1772080255.2559812,Button.left,0.20029473304748535
1772080257.363796,Button.left,2.1078147888183594
1772080266.5894296,Button.left,9.22563362121582
1772080267.6701794,Button.left,1.080749750137329
1772080276.668056,Button.left,8.997876644134521
1772080279.2819562,Button.left,2.6139001846313477
1772080284.6234763,Button.left,5.341520071029663
1772080286.1490004,Button.left,1.5255241394042969
1772080288.0096056,Button.left,1.860605239868164
1772080292.995232,Button.left,4.985626459121704
1772080293.8584852,Button.left,0.863253116607666
1772080296.0320275,Button.left,2.1735422611236572
1772080304.770858,Button.left,8.73883056640625
1772080356.9982836,Button.left,52.22742557525635
1772080359.606195,Button.left,2.6079113483428955
1772080362.663147,Button.left,3.0569519996643066
1772080363.8894498,Button.left,1.2263028621673584
1772080364.478004,Button.left,0.5885541439056396
1772080370.504444,Button.left,6.026439905166626
1772080371.6618874,Button.left,1.1574435234069824
1772080373.8076887,Button.left,2.145801305770874
1772080376.4863122,Button.left,2.6786234378814697
1772080386.104116,Button.left,9.617803812026978
1772080389.1664786,Button.left,3.0623626708984375
1772080391.064777,Button.left,1.8982982635498047
1772080393.2731006,Button.left,2.2083237171173096
1772080394.5321877,Button.left,1.259087085723877
1772080402.9334176,Button.left,8.401229858398438
1772080415.6901243,Button.left,12.756706714630127
1772080432.728389,Button.left,17.038264751434326
1772080449.733226,Button.left,17.004837036132812
1772080452.893383,Button.left,3.1601569652557373
1772080454.840688,Button.left,1.9473049640655518
1772080486.2078001,Button.left,31.367112159729004
1772080487.710089,Button.left,1.502288818359375
1772080560.3020258,Button.left,72.59193682670593
1772080564.4983625,Button.left,4.19633674621582
1772080564.7481189,Button.left,0.2497563362121582
1772080608.5940022,Button.left,43.8458833694458
1772080622.0786905,Button.left,13.48468828201294
1772080629.6303122,Button.left,7.551621675491333
1772080635.4033313,Button.left,5.773019075393677
1772080642.5677392,Button.left,7.164407968521118
1772080645.9818094,Button.left,3.4140701293945312
1772080649.6193912,Button.left,3.6375818252563477
1772080650.0625966,Button.left,0.4432053565979004
1772080651.307332,Button.left,1.2447354793548584
1772080652.3715487,Button.left,1.0642166137695312
1772080652.7720664,Button.left,0.40051770210266113
1772080655.1875052,Button.left,2.4154388904571533
1772080658.9167588,Button.left,3.7292535305023193
1772080660.470065,Button.left,1.5533063411712646
1772080664.0178163,Button.left,3.5477511882781982
1772080665.7959368,Button.left,1.778120517730713
1772080667.0057156,Button.left,1.2097787857055664
1772080753.8284385,Button.left,86.82272291183472
1772080754.870455,Button.left,1.0420165061950684
1772080755.8106885,Button.left,0.9402334690093994
1772080756.6270907,Button.left,0.8164021968841553
1772080854.0967748,Button.left,97.46968412399292
1772080862.345938,Button.left,8.249163150787354
1772080864.797362,Button.left,2.4514241218566895
1772080870.966664,Button.left,6.169301986694336
1772080871.7629452,Button.left,0.796281099319458
1772080876.6907213,Button.left,4.927776098251343
1772080881.3638043,Button.left,4.673083066940308
1772080884.047985,Button.left,2.684180736541748
1772080885.5496886,Button.left,1.5017035007476807
1772080887.9832914,Button.left,2.433602809906006
1772080890.632173,Button.left,2.648881673812866
1772080897.389535,Button.left,6.757361888885498
1772080946.0184453,Button.left,48.628910303115845
1772080946.9867363,Button.left,0.9682910442352295
1772080950.1558778,Button.left,3.1691415309906006
1772080951.2901363,Button.left,1.134258508682251
1772080969.1518388,Button.left,17.86170244216919
1772081010.2819653,Button.left,41.13012647628784
1772081033.3523848,Button.left,23.070419549942017
1772081033.9065466,Button.left,0.554161787033081
1772081039.208924,Button.left,5.302377462387085
1772081046.7614655,Button.left,7.552541494369507
1772081047.2306888,Button.left,0.4692232608795166
1772081051.2963622,Button.left,4.065673351287842
1772084708.770516,Button.left,0
1772084719.2688656,Button.left,10.498349666595459
1772084724.0877266,Button.left,4.81886100769043
1772084727.7799726,Button.left,3.6922459602355957
1772084730.0809813,Button.left,2.301008701324463
1772084793.6854732,Button.left,63.60449194908142
1772084796.8135588,Button.left,3.1280856132507324
1772084798.9602578,Button.left,2.1466989517211914
1772084804.1805463,Button.left,5.220288515090942
1772084811.5855007,Button.left,7.404954433441162
1772084812.5470717,Button.left,0.9615709781646729
1772084820.28368,Button.left,7.736608266830444
1772084825.894565,Button.left,5.610885143280029
1772084827.3626153,Button.left,1.468050241470337
1772084829.3904886,Button.left,2.0278732776641846
1772084830.7388854,Button.left,1.3483967781066895
1772084833.0975106,Button.left,2.3586251735687256
1772084835.379209,Button.left,2.28169846534729
1772084851.6252003,Button.left,16.245991230010986
1772084857.0248015,Button.left,5.399601221084595
1772084859.86688,Button.left,2.842078447341919
1772084863.5998225,Button.left,3.732942581176758
1772084885.0840578,Button.left,21.484235286712646
1772084964.4781873,Button.left,79.39412951469421
1772084967.5416923,Button.left,3.063504934310913
1772084967.990886,Button.left,0.44919371604919434
1772084969.1391118,Button.left,1.1482257843017578
1772084990.329765,Button.left,21.190653324127197
1772085000.8675344,Button.left,10.537769317626953
1772085003.176092,Button.left,2.3085575103759766
1772085004.1580343,Button.left,0.9819424152374268
1772085026.7806058,Button.left,22.62257146835327
1772085027.38935,Button.left,0.6087441444396973
1772085028.8423023,Button.left,1.4529523849487305
1772085036.0279894,Button.left,7.185687065124512
1772085037.8184826,Button.left,1.7904932498931885
1772085041.690902,Button.left,3.8724193572998047
1772085042.8463554,Button.left,1.1554534435272217
1772085044.0565567,Button.left,1.2102012634277344
1772085050.9296703,Button.left,6.873113632202148
1772085053.446794,Button.left,2.5171236991882324
1772085055.6801155,Button.left,2.23332142829895
1772085057.9070687,Button.left,2.2269532680511475
1772085058.8750513,Button.left,0.9679825305938721
1772085060.0020406,Button.left,1.1269893646240234
1772085061.8848124,Button.left,1.8827717304229736
1772085063.862475,Button.left,1.9776625633239746
1772085065.9231186,Button.left,2.0606436729431152
1772085066.6149096,Button.left,0.6917910575866699
1772085068.2469616,Button.left,1.632051944732666
1772085076.7937996,Button.left,8.54683804512024
1772085086.3354523,Button.left,9.54165267944336
1772085087.6833951,Button.left,1.34794282913208
1772085098.9227345,Button.left,11.239339351654053
1772085099.597351,Button.left,0.6746165752410889
1772085100.8902278,Button.left,1.2928767204284668
1772085101.4853854,Button.left,0.5951576232910156
1772085105.5221968,Button.left,4.036811351776123
1772085127.5307446,Button.left,0
1772085132.3782647,Button.left,4.847520112991333
1772085134.4316733,Button.left,2.053408622741699
1772085135.620439,Button.left,1.1887657642364502
1772085140.3141563,Button.left,4.6937172412872314
1772085158.6432128,Button.left,18.32905650138855
1772085162.2184615,Button.left,3.5752487182617188
1772085178.2661848,Button.left,16.047723293304443
1772085179.462316,Button.left,1.1961312294006348
1772085202.568379,Button.left,23.10606288909912
1772085213.0216055,Button.left,10.453226566314697
1772085214.4124491,Button.left,1.3908436298370361
1772085216.8129146,Button.left,2.400465488433838
1772085219.523156,Button.left,2.7102413177490234
1772085223.520506,Button.left,3.997349977493286
1772085223.694632,Button.left,0.17412614822387695
1772085225.4674773,Button.left,1.7728452682495117
1772085225.6419427,Button.left,0.17446541786193848
1772085226.064932,Button.left,0.4229893684387207
1772085231.5067973,Button.left,5.4418652057647705
1772085232.350522,Button.left,0.8437247276306152
1772085233.0140822,Button.left,0.663560152053833
1772085251.6121676,Button.left,18.598085403442383
1772085256.397083,Button.left,4.784915447235107
1772085257.3645918,Button.left,0.9675087928771973
1772085258.4012072,Button.left,1.0366153717041016
1772085260.8699417,Button.left,2.4687345027923584
1772085261.5265565,Button.left,0.6566147804260254
1772085265.2811,Button.left,3.7545435428619385
1772085269.7756155,Button.left,4.494515419006348
1772085272.7002347,Button.left,2.924619197845459
1772085275.85349,Button.left,3.1532554626464844
1772085295.625099,Button.left,19.77160882949829
1772085296.2182145,Button.left,0.5931155681610107
1772085298.2030473,Button.left,1.984832763671875
1772085302.768091,Button.left,4.565043687820435
1772085314.4606771,Button.left,11.692586183547974
1772085320.63026,Button.left,6.169582843780518
1772085322.1662662,Button.left,1.536006212234497
1772085322.6631272,Button.left,0.49686098098754883
1772085326.4748278,Button.left,3.8117005825042725
1772085368.2772686,Button.left,0
1772085369.4176261,Button.left,1.140357494354248
1772085410.688326,Button.left,41.27069973945618
1772085412.4504125,Button.left,1.7620866298675537
1772085416.3615735,Button.left,3.911160945892334
1772085424.8455925,Button.left,8.484019041061401
1772085431.4912841,Button.left,6.645691633224487
1772085432.6915011,Button.left,1.2002170085906982
1772085468.9423716,Button.left,36.2508704662323
1772085470.1879575,Button.left,1.2455859184265137
1772085483.6109724,Button.left,13.423014879226685
1772085489.163222,Button.left,5.5522496700286865
1772085495.1718252,Button.left,6.008603096008301
1772085514.6980004,Button.left,19.526175260543823
1772085515.2113717,Button.right,0.5133712291717529
1772085516.3242304,Button.left,1.112858772277832
1772085554.1781912,Button.left,37.85396075248718
1772085555.6727862,Button.left,1.4945950508117676
1772085565.1660283,Button.left,9.493242025375366
1772085572.7566714,Button.right,7.5906431674957275
1772085573.8429625,Button.left,1.0862910747528076
1772085576.7862875,Button.left,2.9433250427246094
1772085581.426123,Button.left,4.639835357666016
1772085711.1456757,Button.left,129.71955275535583
1772085741.1827962,Button.left,30.037120580673218
1772085747.4942937,Button.left,6.311497449874878
1772085748.1449888,Button.left,0.6506950855255127
